Name,City,Neighborhood,Type of activity,Description,Maps/web site,Commentary
Fushimi Inari-taisha,Kyoto,Minami-ku,Temple,Hike of the 1000 torii (very easy),"https://www.google.com/maps/place/Fushimi+Inari-taisha/@34.9671402,135.7726717,3a,75y,90t/data=!3m8!1e2!3m6!1sAF1QipMyGYtWuAsRLn-8i4kXkMBmUD9pRHQcJgxAEM9_!2e10!3e12!6shttps:%2F%2Flh5.googleusercontent.com%2Fp%2FAF1QipMyGYtWuAsRLn-8i4kXkMBmUD9pRHQcJgxAEM9_%3Dw86-h114-k-no!7i3024!8i4032!4m5!3m4!1s0x60010f153d2e6d21:0x7b1aca1c753ae2e9!8m2!3d34.9671402!4d135.7726717","Easy hike, take photos from the top not the bottom (too crowded)"
Sensou-ji,Tokyo,Asakusa,Temple,the most photographed places in the world,"https://www.google.com/maps/place/Sanctuaire+Asakusa/@35.6826846,139.730161,12.79z/data=!4m5!3m4!1s0x60188ec1a4463df1:0x6c0d289a8292810d!8m2!3d35.7147651!4d139.7966553",seen it once quite pretty despite the good amount of tourists. Watchout there are a lot of scams
Shinjuku Gyoen,Tokyo,Shinjuku,Park,Tokyo's largest park,https://maps.app.goo.gl/GsTTFksakJjcUoqu5,"Nice park for relaxing, but not amazing."
Meiji Jingu,Tokyo,Shibuya,Temple,"Temple + park, crazy temple",https://goo.gl/maps/7gKiGYU79i9JVg6p6,"A bit touristy, but a good starting point for visiting Harajuku."
Masahiro sword smith,Kyoto,Kyoto contryside,Local activity,Traditional blade forging (expensive + plan ahead),https://goo.gl/maps/D9P4rYZpWrMwycra7,
rooftop baseball,Tokyo,Ikebukuro,Local activity,Playing baseball on the rooftops of Tokyo,Batting Center - Du baseball sur les toits de Tokyo,
Hachiko Statue,Tokyo,Shibuya,Other,see the statue of Hachiko,https://goo.gl/maps/VsCNYmNT4gTDUhgv7,"The photo spot was overcrowded, but it's nice to see."
Tsukiji,Tokyo,Chuo-city,Restaurant,Fish market,https://goo.gl/maps/dHoFXQzf3AXc3mmW9,
Gion Matsuri,Kyoto,Gion,Other,Japan's largest summer festival,Gion Matsuri 2024 - Chouette Calendrier,"Incredibly overcrowded, but the people are nice; worth doing over several days."
Trader,Tokyo,Chiyoda,Store,Retro gaming store,https://goo.gl/maps/ZHT3YvWv7AjBbADA7,Great deal for retro gaming fans
Game park,Tokyo,Ikebukuro,Arcade room,Little-known arcade,https://goo.gl/maps/kbRSMSV8wuMNQWyB8,
Mandarake shibuya,Tokyo,Shibuya,Store,"Manga, game, and toy store",https://goo.gl/maps/i5x8Ljmm5Q8HtLdz6,
Sofmap,Tokyo,Akihabara,Store,"Toy, figurine, and retro store",https://goo.gl/maps/E1tBJ7gWRcEasSoU7,
Mandarake Complex,Tokyo,Akihabara,Store,"Manga, game, and toy store (8 floors)",https://maps.app.goo.gl/1a3wE1MDCV6sudeX8,My main place to buy manga
Mandarake Ikebokuro,Tokyo,Ikebukuro,Store,"Manga, game, and toy store",https://goo.gl/maps/5ivGTDynw5weYpsY7,
Womb,Tokyo,Shibuya,Club,One of the biggest nightclubs,https://g.page/wombtokyo?share,Entrance fee too expensive
Japan Sake and Shōchū Information Center,Tokyo,Minato-city,Museum,Museum and sake and shochu tasting,https://goo.gl/maps/k1nAC12NPTY7u67W7,
Hello Tokyo Bar,Tokyo,Toshima-city,Bar,French karaoke bar,https://g.page/BonjourTokyoBar?share,
Kawagoe Hikawa Shrine,Saitama,Kawagoe,Temple,A mad temple in an incredible neighborhood (a city adjacent to Tokyo),https://goo.gl/maps/tPoWgJpyJevgrZBH6,
Toki no Kane,Saitama,Kawagoe,Other,"Edo period bell tower (bells ring four times: 6am, noon, 3pm, 6pm)",https://goo.gl/maps/kZdd8txF4yPJVA6F7,
Park,Saitama,Kawagoe,Store,local sake and beer shop/center,https://goo.gl/maps/p1B9Y7rPArGVN24c8,
Tokyo Tower,Tokyo,Minato-city,Other,The Japanese Eiffel Tower that broadcasts anime,https://goo.gl/maps/ecY6FYmFFYjZwtZv6,Plenty of other activities inside
Cha Ginza Uogashimeicha Ginza,Tokyo,Chuo-city,Store,Shop/tea room,https://goo.gl/maps/6bXT2ZhRoBmWZDHK6,
AiiRO CAFE,Tokyo,Shinjuku,Bar,LGBT bar (1000 yen unlimited beer from 6pm to 9pm),https://goo.gl/maps/ssSLjXtSc6dd2LgY6,
Yasaka-jinja,Kyoto,Gion,Temple,Colorful temple in Kyoto's ultra-traditional district,https://goo.gl/maps/JCRkdwLj1cjgb2zQ8,Main temple of Gion
Nijō-jō,Kyoto,Nakagyo-ku,Other,Former Emperor's Castle,https://goo.gl/maps/Uigqtr628iTgwZd59,Free entry
Kinkaku-ji,Kyoto,Kita-ku,Other,golden castle,https://goo.gl/maps/5fepxadjyXdsMqGv8,Very photogenic places with not too many people in the late afternoon.
Ginkaku-ji,Kyoto,Sakyo-ku,Other,silver castle,https://goo.gl/maps/v6w51Je9Hv7UKLwP7,
Tozando Shogoin Store,Kyoto,Sakyo-ku,Store,Sword and armor shop with the possibility of trying on the armor.,https://goo.gl/maps/nu5BmT5RaoZPYRSQ9,"The katanas on display are not newly carved katanas, but the antique katanas are (expensive)."
Ghibli Museum,Mikata,Shimorenjaku,Museum,Ghibli Museum: plan ahead (city in the Tokyo metropolitan area),https://goo.gl/maps/5YpwxmWZRS7cAKbRA,
Tokyo National Museum,Tokyo,Taitou,Museum,Museum of Traditional Japanese Art,https://goo.gl/maps/sjpEnAT2hWccNnzv6,
Kyoto International Manga Museum,Kyoto,Nakagyo-ku,Museum,"Gigantic manga museum (50,000 copies)",https://goo.gl/maps/mmDU6NPQz6JrfEyX6,
Arashiyama Bamboo Forest,Kyoto,Ukyo,Rando,"Bamboo forest on the outskirts of town (very, very easy)",https://g.page/arashiyama-bamboo-forest?share,
Souden,Kyoto,Nakagyo-ku,Restaurant,Sushi restaurant around,https://goo.gl/maps/Yjnx8D99Y9iWbUMN7,
Tsuruya Yoshinobu Kyoto Main Store,Kyoto,Kamigyo,Store,Traditional confectionery shop + opportunity to see the production process (+ tasting with tea) + very reputable (approved by the Imperial Family),https://goo.gl/maps/zoX1nqJhi3MUpF5Q6,"An incredible experience, unknown to the general public"
Nazuna Kyoto Nijo-jo,Kyoto,Nakagyo-Ku,Hotel,Hotel,https://goo.gl/maps/VD1kkJyRmYkApKA28,
Wak Japan,Kyoto,Nakagyo-Ku,Local activity,"Multiple traditional activities (tea ceremony, origami, calligraphy, ...)",https://goo.gl/maps/jaA1ejU7RWiXjzUP8,
Eitarouya,Kyoto,Nakagyo-Ku,Store,Men's kimono shop with the option to order locally and have it delivered to France (it's expensive but apparently it's worth it),https://goo.gl/maps/eFa3443vnBHU2XuUA,Average price for a men's summer kimono: €1100
Black silk,Kyoto,Nakagyo-Ku,Store,"Kamon dye shop (samurai family symbol) with the option to choose your Kamon (samorai, original, astrological sign, birth date, etc.), customize",https://g.page/kansyakun?share,
Pre-market Alternative Dinner,Kyoto,Nakagyo-Ku,Restaurant,Vegetarian/vegan restaurant,https://goo.gl/maps/3E8TiexMxYVAcmAT6,
Kyolan Kimono rental,Kyoto,Ukyo,Store,"Location + photo shoot kimono (~40€ kimono,~17€ yukata)",https://goo.gl/maps/aADSASwevYPB8D4PA,
Kimono Forest,Kyoto,Ukyo,Other,"Tourist spots to visit at night, filled with kimono poles",https://goo.gl/maps/1tXeEuJwWLG5T6A97,
Negiya Heikichi Pontocho shop,Kyoto,Nakagyo-Ku,Restaurant,Inexpensive eel restaurant with good service,https://goo.gl/maps/Lzh4cgM9GBkgN7QeA,
snack Bar A-55 Kyotoshijo-Kawaramachi,Kyoto,Nakagyo-Ku,Bar,Japanese candy bar (everything you can eat for an hour),https://maps.app.goo.gl/NLtyT269y5hgvXvY6,
Yakiniku LIKE,Kyoto,Nakagyo-Ku,Restaurant,"Wagyu restaurant where you grill your own (inexpensive, around €15)",https://goo.gl/maps/Hd12iYhVABHRuacx8,
Shikata Urushi,Kyoto,Shimogyo,Local activity,"Kintsugi (the art of ceramic repair, ~€50)",https://goo.gl/maps/fqjLKU7uMptGNagKA,
Tenkaippin,Kyoto,Ukyo,Restaurant,Best Kyoto-style ramen restaurant (~€13),https://goo.gl/maps/qj1oY26byM8atJXt6,
Nikuya Suzu,Kyoto,Higashiyama,Restaurant,Wagyu restaurant serving all cuts of beef (€21 - €49),https://goo.gl/maps/CBGXEfqveCb3reMm9,
Kiraku Kyoto Zeniyacho,Kyoto,Shimogyo,Hotel,Ryokan in central Kyoto with private outdoor onsen (no overlooking neighbors) (~€160/night),https://goo.gl/maps/QPenBkYGYysZ8iws5,
Statue of Saigō Takamori,Tokyo,Ueno,Other,Legendary Samurai Statue,https://goo.gl/maps/cKgpVWubWR7XbMTG6,
Soranoiro,Tokyo,Chiyoda,Restaurant,"Ramen, renowned for its excellent broth",https://g.page/soranoironippon?share,
Japan Traditional Crafts (Aoyama Square),Tokyo,Chiyoda,Store,Exhibitions of Japanese artisans,https://g.page/aoyama_square?share,
Imperial Palace + Imperial Garden,Tokyo,Chiyoda,Palace,Emperor's Residence,https://goo.gl/maps/hESjwfRejAiw8HRG7,Park closed to the public last time
Tokyo National Museum of Modern Art,Tokyo,Chiyoda,Museum,Museum tracing Japanese art from the 19th century to the present day,https://goo.gl/maps/9MqPCVNUyMZkM3fN9,
Yasukuni Jinija,Tokyo,Chiyoda,Temple,Shinto shrine dedicated to those who died for their country,https://goo.gl/maps/o1kbXxNU16ENDzFi7,
Xex,Tokyo,Marunouchi,Club,"Dance bar, Jazz club",https://g.page/XEXTOKYO?share,
Sadaharu Aoki,Tokyo,Marunouchi,Store,Grand House of Tokyo Pastries,https://goo.gl/maps/QPAFM4KePFvB3No8A,
Tokyo International Forum,Tokyo,Marunouchi,Building,Interesting architecture: a grand avenue of bay windows crossed by footbridges,https://goo.gl/maps/H4rzFY8UGbpmBKy36,
Tamahide,Tokyo,Marunouchi,Restaurant,The oldest restaurant in town (1760). Traditional service and setting (temporarily closed!!),https://goo.gl/maps/VQWnpAbePMyvwcGv5,
Mitsukoshi,Tokyo,Ginza,Store,"Tokyo's oldest department store, with several sculptures inside. + rooftop",https://goo.gl/maps/7V5vwFyQ54qk2kBEA,meh
Kite Museum,Tokyo,Marunouchi,Museum,Kite themed around Japanese legends,,
OKASHI GAKU,Tokyo,Sumida,Store,Cake in cans (with automatic dispenser),https://goo.gl/maps/3kRQgMijSVbYbgLAA,
Namba Yasaka Jinja,Osaka,Namiwa,Temple,Temple with a lion's head,https://goo.gl/maps/DGVaT6yc3Nzc43b39,
Takeshita St,Tokyo,Shibuya,Other,"Harajuku, a young neighborhood",https://goo.gl/maps/e3DHZxFtaACG3uaE6,Overrated and losing momentum
Kagurazaka,Tokyo,Shinjuku,Other,French Quarter,https://goo.gl/maps/oi4iLDiBxDQjMZBP8,
Fukutaro,Osaka,Kita-ku,Restaurant,Very good Osaka-style okonomiyaki restaurant,https://goo.gl/maps/ESX81Av9CvkNDJNb6,
Shinsekai,Osaka,Naniwa,Other,Shopping district (full of street food),https://goo.gl/maps/jrbujsPfMnMoXXEG6,
Naruto Taiyaki Hompo,Osaka,Chuo-city,Restaurant,Very good Taiyaki,https://goo.gl/maps/Q1YuVeDF1KU2weoq7,
Cheese Tart Pablo Shinsaibashi,Osaka,Chuo-city,Restaurant,cheese pie,https://maps.app.goo.gl/HbkdaPP7aW6Wr1QX7,"Okay, but I don't really like it."
VANGUARD VILLAGE,Tokyo,Shibuya,Store,Bookseller/Don Quixote,https://goo.gl/maps/zeCnW9UD48kit5jv7,
Monjayaki Masuda-tei,Tokyo,Shibuya,Restaurant,okonomiyaki tokyo style,https://goo.gl/maps/X8Bu9XEF8T55oWoHA,
,#REF!,#REF!,#REF!,,#REF!,
Nakano Broadway,Tokyo,Nakano,Other,Geek/vintage shopping street,https://goo.gl/maps/FBwLYP33nDAfnWAh8,
Nakamise Shopping Street,Tokyo,Asakusa,Other,Street food market (beware of scams),https://goo.gl/maps/HD1YQD6uDXXyKvVB6,
Ameyoko Shopping Street,Tokyo,Ueno,Other,shopping street street food,https://goo.gl/maps/R8Sdsgm8kWue2ceUA,
Tokyo Station,Tokyo,Chiyoda,Other,Beautiful architecture + mall with ramen street + large Kit Kat store,https://goo.gl/maps/c6uPXv8mcaZFYkk68,
Hamarikyūteien,Tokyo,Chuo-city,Park,Large traditional park (next to the imperial palace),https://goo.gl/maps/dbnrEz5fHKPatwFd8,
Pokémon Cafe,Tokyo,Chuo-city,Restaurant,Pokémon-themed cafe (reservations required),https://goo.gl/maps/Pt1Fcp92dvyCc8uU7,
Daikanyama,Tokyo,Shibuya,Other,Daikanyamacho is an elegant district with boutiques featuring designer fashion and luxury accessories.,https://goo.gl/maps/ZUM2xdkw9uvWG5Fz7,
Genki Sushi,Tokyo,Shibuya,Restaurant,"Mid-range sushi chain (on conveyor belt, permanently closed)",https://goo.gl/maps/bYJq9y2LApAVQu767,
Meguro River,Tokyo,Meguro,Other,Photogenic famous river,https://goo.gl/maps/SgiPAVVfKWm4j9hv6,
Inokashira Park,Tokyo,Musashino,Park,Park with a lake (next to the Ghibli Museum),https://goo.gl/maps/3CBDXRM37dFjE3SJ8,
Shimokitazawa,Tokyo,Setagaya,Other,Neighborhood hipster,https://goo.gl/maps/C3NCSXYGZJUotgFx7,
Nebuzo,Tokyo,Shibuya,Restaurant,Sukiyaki Restaurant,https://g.page/nabezo-shibuyacenter?share,
Cup Noodles Museum Yokohama,Tokyo,Yokohama,Museum,Cup Noodle Museum with the option to make your own custom cups,https://goo.gl/maps/A4Co1731uKWPLaG2A,A neighborhood far from everything
Sanneizaka,Kyoto,Higashiyama,Other,A very traditional street with a touch of Japanese spice.,https://goo.gl/maps/1pFvJ8xNNSf55XQm8,Best done outside of peak hours
Maccha House,Kyoto,Higashiyama,Restaurant,Restaurant/bar tiramisu macha (+ terrace),https://goo.gl/maps/tXHVJB1sFpHNjWA88,Instagram is great for a touristy thing.
Wajoryomen Sugari,Kyoto,Nakagyo-Ku,Restaurant,Highly regarded Kyoto-style ramen,https://goo.gl/maps/cj9j5hgGS66A4XWs7,
Pontocho Park,Kyoto,Nakagyo-Ku,Park,Park on Pontocho Street (full of small restaurants),https://goo.gl/maps/N4VDzbfnVBSuZxF47,Lots of scams
Ginza Hachigo,Tokyo,Ginza,Restaurant,Famous for its Ramen,https://goo.gl/maps/o94muzbrsgkAbmLeA,
Godaime Hanayama Udon,Tokyo,Ginza,Restaurant,One of the best udon in the city,https://goo.gl/maps/M7FTxBmnFRSwjd3D6,"A full meal costs €8, with a 30-minute to 1.5-hour wait, but it's well worth it."
Tempura Tendon Tenya,Tokyo,Ginza,Restaurant,Fast food specializing in tempura,https://goo.gl/maps/XRHa4KPHUWjG5aAM9,
Ginza Misono,Tokyo,Ginza,Restaurant,"Excellent value for money for the Kobe beef, cooked on hot plates on the table.",,
300 Bar,Tokyo,Ginza,Bar,Best cocktail in town (the Cuban ambassador fell in love with it) + Music,https://g.page/ginza300bar-5?share,
Plustokyo,Tokyo,Ginza,Club,Club at the top of a shopping mall with a view of all of Tokyo (permanently closed),,
Hisui Tokyo,Tokyo,Ginza,Local activity,"School of traditional Japanese art with the possibility of taking classes for tourists (Waso, Shodo, Sado, Batto)",https://goo.gl/maps/4e7tBZsR2cheV1eU8,
Jo Gai Market,Tokyo,Ginza,Store,Market with artisans and food (including Sashimi),https://goo.gl/maps/yKutDTNwbZ8B2yJ88,
Boat Bus,Tokyo,Ginza,Other,Travels along the Sumida River to Asakusa,,
Small restaurant near the train station,Tokyo,Ueno,Restaurant,"Restaurant where the black market took place in the 1950s (Ramen, Gyoza, Yakitori)",,
Izuei Umegawa-Tei,Tokyo,Ueno,Restaurant,"Restaurant specializing in eel, terrace with a stream.",https://goo.gl/maps/ri3gZ7W2qVj6gZNH6,
Echikatsu,Tokyo,Ueno,Restaurant,"Traditional restaurant, divided into 17 small rooms where you eat on cushions and low tables with a small Japanese garden.",,
Honkan,Tokyo,Ueno,Museum,"Museum dedicated to Japanese culture, major works of art, kimono, sculpture, armor, pottery, painting",,
Toshogu Shrine,Tokyo,Ueno,Temple,"Classified as a national treasure, built by the 1st Shogun in 1627",,
Shitamachi Museum,Tokyo,Ueno,Museum,"Museum recreating life during the Edo period, Reconstruction of street and house interiors.",,
Ameya Yokocho Market,Tokyo,Yanaka,Store,"One of Tokyo's largest markets, with many rare spices, dried food, and seaweed for sale",,
Hantei,Tokyo,Yanaka,Restaurant,Two-story wooden house specializing in: Kushiage and Tempura,https://g.page/hantei?share,
Free guided tours,Tokyo,Yanaka,Other,Volunteers and local residents organize free guided tours of the neighborhood (including several temples).,,
Yanaka Reien Cemetery,Tokyo,Yanaka,Park,cemetery where the tomb of the last Shogun is located,https://goo.gl/maps/YW52yXu5qsk8s6Ag7,
Magurobito,Tokyo,Asakusa,Restaurant,"Sushi on a conveyor belt, but a bit more upscale than average.",https://goo.gl/maps/btJPM8JkWwVpePtk8,
Tsurujirou,Tokyo,Asakusa,Restaurant,"Specializing in Okonomiyaki, you can make them yourself or with the help of a chef.",https://goo.gl/maps/ZLvVjMQ8VGSuJnT78,
Nibiki,Tokyo,Asakusa,Restaurant,One of Fugus' most renowned restaurants,,
Tokyo Sktree Tower,Tokyo,Asakusa,Other,634m television tower with viewpoint and restaurant at the top and glass floor.,https://g.page/TOKYOSKYTREE-official?share,Expensive and not great
Chanko Edosawa,Tokyo,Ryogoku,Restaurant,"Traditional setting (tatami mats, low table, traditional music), specialty: tempura and soba",https://goo.gl/maps/xVdu5ViJyaMKC96H9,
Sumida Hokusai Museum,Tokyo,Ryogoku,Museum,Museum dedicated to the works of Hokusai,https://goo.gl/maps/Y3bpBK6N84pD1WiJ7,
Edo-Tokyo Museum,Tokyo,Ryogoku,Museum,Largest Ethnographic and Historical Museum of Life During the Edo Period (temporarily closed),https://goo.gl/maps/49UiWRHj9Shz5o9k9,Under construction in 2023
Sword Museum,Tokyo,Ryogoku,Museum,Museum on the evolution of the saber from the 9th century to the present day.,https://goo.gl/maps/2bNLV52NpmP6yMQq9,
Kokugikan Sumo Stadium,Tokyo,Ryogoku,Other,"Sumo competition hall, but it's also possible to watch training sessions outside of competition periods.",https://goo.gl/maps/L4iZGonM4sff7iWz7,Free sumo museum inside
Mimasuya,Tokyo,Akihabara,Restaurant,"Tavern offering cherry blossoms and eels, with a wide selection of sake.",,
Shangs cafe,Tokyo,Akihabara,Store,Tea room offering coffees roasted using traditional Japanese methods,https://goo.gl/maps/nsZJ3Zv9Evpj5XMx7,Great for coffee lovers
Animate,Tokyo,Akihabara,Store,Manga temple and figurines of all kinds...,https://goo.gl/maps/21pTgUnU4o5RWny88,
Kanda Myojin,Tokyo,Akihabara,Temple,"300 meters from the center of Akihabara, in the quiet of the city, Tokyo's oldest temple (730)",https://goo.gl/maps/VqfqNG8TtvoCMtFRA,
Akihabara,Tokyo,Akihabara,Other,"Arcade, manga shop, etc...",https://goo.gl/maps/b5Hr3YVPcJjGsKaVA,Perfect for geeks
Chanko Kuroshio,Tokyo,Kagurazaka,Restaurant,Specializing in sumo cuisine and run by a former sumo wrestler,https://g.page/chanko-kuroshio?share,
Tenko,Tokyo,Kagurazaka,Restaurant,"One of the best tempura restaurants in the city, formerly a Geisha residence",https://goo.gl/maps/fvBLMGSuhuzgJGhu5,
Aoyama Cemetery,Tokyo,Roppongi,Park,"100,000 graves, including that of the dog Hachiko",https://goo.gl/maps/vNDET2ptu1JqRyMx8,
Yamada Chikara,Tokyo,Roppongi,Restaurant,"Molecular cuisine that reinterprets traditional Japanese cuisine, apprentice at the restaurant voted best restaurant in the world (El Bulli)",,
Museum of Parasites,Tokyo,Ebisu,Museum,"Museum containing nearly 45,000 parasites; hypochondriacs beware.",,
Uogashi,Tokyo,Shibuya,Restaurant,Very good sushi,https://goo.gl/maps/mcedx4hQ5bNp3QKD9,
Shirubee,Tokyo,Shibuya,Restaurant,A renowned tavern offering a peaceful respite from the hustle and bustle of the neighborhood. Specialty: Nikujaga / Japanese wine,https://goo.gl/maps/ECKbrHUA6TtHgkkU8,
Morimoto,Tokyo,Shibuya,Restaurant,"Based on locally sourced products, with a great reputation for eel and Yakitori.",https://goo.gl/maps/EPhr2ekejk4oczMT9,
Sound Museum Vision,Tokyo,Shibuya,Club,One of the biggest nightclubs in Tokyo (permanently closed),https://goo.gl/maps/TeuCWCg3VccfJyke8,
La Pasela,Tokyo,Shibuya,Club,Karaoke,https://goo.gl/maps/3ZmZEPCu2E3pQKjn9,
Benitsuru,Tokyo,Taitou,Restaurant,Restaurant de fluffy pancakes,https://goo.gl/maps/kbUihwZx1yzKY4aU6,
Izakaya Masaka,Tokyo,Shibuya,Restaurant,one of the best vegan restaurants,https://goo.gl/maps/xpo4sbrQfr4c7KmZ6,
The church,Tokyo,Shibuya,Bar,Catholic Church themed bar,https://goo.gl/maps/3AMXLL97gfCwrNDj6,You need to come dressed appropriately
Kappabashi-dori,Tokyo,Taitou,Store,Restaurant supplier store,https://goo.gl/maps/SdsWuLGYpvabBDWf8,
Gyukatsu Ichi Ni San,Tokyo,Chiyoda,Restaurant,Famous for its gyokatsu (beef tonkatsu),https://g.page/gyukatsu123?share,
Tenmaya,Tokyo,Kitazawa,Restaurant,Known for its kibble (vegetarian option available),https://goo.gl/maps/3vBqYH5NfbsXpYij6,
YUKARI-nishiazabu-,Tokyo,Minato-city,Restaurant,Restaurant to sample lots of sake (temporarily closed),https://goo.gl/maps/JTKex6k4SAT4Rfp79,
JANAI COFFEE,Tokyo,Shibuya,Bar,speakeasy bar (use the website to enter the bar area),https://g.page/janaicoffee?share,
"Horumon nabe, Morioka goro",Tokyo,Shinjuku,Restaurant,Speakeasy izakaya (use the storage door),https://goo.gl/maps/BUARieiT3Jecx7Ka7,
No Room For Squares,Tokyo,Kitazawa,Bar,Speakeasy jazz bar (use the Coke fridge),https://g.page/no-room-for-squares?share,
MOSS,Tokyo,Taishido,Restaurant,Speakeasy Izakaya style South American (but known for wagyu) (use the vending machine),https://goo.gl/maps/jLShLnCk1gaqULH56,
igu&peace,Tokyo,Dogenzaka,Bar,Chic-vintage speakeasy bar (solve the escape room),https://g.page/igu-peace-shibuya?share,
Akashiya,Nara,Minamishincho,Store,Largest Japanese brush manufacturer (possibility of participating in the final stages),https://goo.gl/maps/oGCmmjNfaTPDP3HHA,
Kappou Yoshiba,Tokyo,Sumida,Restaurant,Restaurant in a former sumo stable run by a former wrestler (the dohyo is preserved),https://goo.gl/maps/GPEoJKrSnsTgNTATA,
Tōdai-ji,Nara,Zoshicho,Temple,An 8th-century temple that houses the largest bronze Buddha in Japan,https://goo.gl/maps/BzvD4rrTFisAspbN8,
Nara Park,Nara,Zoshicho,Park,Nara Park with deer roaming freely and multiple temples,https://goo.gl/maps/TGDcQnrvGZz7KB9P6,cool place 
Heijō Palace,Nara,Nijoojiminami,Other,8th Century Imperial Palace,https://goo.gl/maps/3MAXqQ9sYg3utt6f7,
Tōshōdai-ji,Nara,Gojocho,Temple,Temple classified as a national treasure,https://goo.gl/maps/oQFvKWfn3Gk7gaXD9,
Gango-ji,Nara,Chuincho,Temple,"One of the oldest temples in Japan, a UNESCO World Heritage Site (near Nara Park) (entrance fee required)",https://goo.gl/maps/SJJUrkSuRfjsNciY6,
Tabi-ji,Nara,Taruicho,Store,Tabi shop (modernized traditional shoes),https://goo.gl/maps/XVHEqi7c4s3gTjb56,Very comfortable shoe to wear
Nakatanidou,Nara,Taruicho,Store,"Handmade mochi shop (the best I've ever eaten in my life, I'd live for these mochi)",https://goo.gl/maps/cqFi4ynxbDP7NLoV6,
Nara Izumi Yūsai,Nara,Nishiterabayashicho,Bar,Sake tasting bar,https://goo.gl/maps/ERgbK5kDMF1zRngZ6,
Uguisuno-taki falls,Nara,Nara parc,Other,Waterfall at the bottom of Nara Park (short hike),https://goo.gl/maps/nRuhDhvBdpnrZmZP6,
Pop Life Department M's,Tokyo,Chiyoda,Store,Sex shop on 7 floors,https://goo.gl/maps/m1xYmGEAaVoByhqT9,
Osaka Takoyaki Museum,Osaka,Konohana,Restaurant,Concentration of multiple takoyaki shops,https://goo.gl/maps/PrYfDhtsRMAipzgNA,
Dotombori Kukuru,Osaka,Chuo-city,Restaurant,A legendary restaurant in the takoyaki fan community (ask for the secret Kuro-tako),https://goo.gl/maps/NRm1NPJFiRsTXA597,
Kogaryu Takoyaki,Osaka,Chuo-citu,Restaurant,"A legendary restaurant in the takoyaki fan community, known for its takosen.",https://goo.gl/maps/W8gw83AErR4fwVQTA,
Hana no Mai Hatago Chaya Ikedaya | Seafood pub,Kyoto,Nakagyo-Ku,Restaurant,"Site of a legendary Shinsengumi battle, now converted into a fish restaurant (vegetarian option available)",https://g.page/hananomai-ikedaya?share,
Asakusa Kagetsudō,Tokyo,Asakusa,Restaurant,Best melon pan restaurant in Asakusa,https://goo.gl/maps/cFPGHrKg61b7XpMV8,
Takahashi,Tokyo,Sumida,Store,Sumo merch store,https://goo.gl/maps/7e35gAAfYzuoCSEM8,
Nishiki Market,Kyoto,Nakagyo,Other,Street food market,https://goo.gl/maps/WAHE7Q5jjaEhZBJWA,
Old kimono shop,Nara,Taruicho,Store,Kimono/Yukata Fripperie,https://maps.app.goo.gl/qRapnujV4d7UeaXL6,"Amazing value for money, helpful saleswoman"
Harajuku Chicago Kyoto Store,Kyoto,Nakagyo,Store,Second-hand chain of kimono/yukata and other clothing,https://maps.app.goo.gl/AQMcW8qCLoGnvZHP6,"Thrift store chain with locations in Tokyo and Kyoto, duty-free available"
Harajuku Chicago Shimokitazawa,Tokyo,Harajuku,Store,Second-hand chain of kimono/yukata and other clothing,https://maps.app.goo.gl/E2ftDimeFQ5nRUH36,"Thrift store chain with locations in Tokyo and Kyoto, duty-free available"
Yamadaruma,Kyoto,Shimogyo,Restaurant,Petit yakiniku,https://maps.app.goo.gl/Yrcu5o1ErwpYNqKy7,One of the best yakiniku in Kyoto
MINT IKEBUKURO,Tokyo,Ikebukuro,Store,TCG sport,https://maps.app.goo.gl/vGvGtU83mn4HgAu49,
やゝ京都 (Yaya kimono),Kyoto,Higashiyama,Store,Reputable kimono shop,https://maps.app.goo.gl/4nAChiUBcKQHNLNo8,"Large collection of antique kimonos (Showa era, approximately 100 years old) and modern kimonos. Less extensive for men. Approximately €240 for a men's kimono."
Modoribashi Shashinkan,Kyoto,Kamigyo,Store,Kimono and antique shop,https://maps.app.goo.gl/29MjhnoZniavBfy66,
Gora Kansuiro,Hakone,Hakone,Hotel,Ryokan near Hakone Station,https://maps.app.goo.gl/T1CYLDZAUV7WKmAr9,"Large, peaceful ryokan. Two onsen, one indoors and the other in the large private park. Very spacious room with impeccable service. Excellent and varied meals (dinner and breakfast included)."
Hakone Ropeway Owakudani Station,Hakone,Ashigarashimo,Other,Visit to the fumaroles of the Hakon volcano,https://maps.app.goo.gl/1j3N6tF7LwQhLLGp8,A bit crowded during the day. Hakone's main attraction. Beautiful views of the countryside and Mount Fuji on a clear day.
Gokayama,Nanto,Nanto,Other,Traditional village listed as a UNESCO World Heritage Site,https://maps.app.goo.gl/viYsUjAmvoJcTosd6,A village lost in the middle of Japan. Its architecture has inspired several Ghibli films.
Enoshima Island,Fujisawa,Kanagawa,Other,"sacred Shinto island, numerous temples and caves to visit, as well as beaches",https://maps.app.goo.gl/7eg3cVhLpg1yXK8a9,
Shiogama Bay,Shinogama,-,Other,"A bay near Sendai, renowned for its tuna. The scenery is similar to Ha Long Bay (but not as good).",https://maps.app.goo.gl/iuY36kAvFaboGqKo7,
Koshoji inari,Kyoto,Uji,Temple,A very old temple near a viewpoint overlooking Uji and Kyoto,https://maps.app.goo.gl/aknJVDs4uC2k21wx8,
Aji-Tasuke Branch,Sendai,Aoba,Restaurant,locals' recommendation for eating beef tongue,https://maps.app.goo.gl/qgU2bGhFDJdGqQnQ6,
Karakimokkou,Saitama,Kawagoe,Store,Baguette shop where you can make your own baguettes,https://maps.app.goo.gl/4kAJrckwug1hYCSP8,
Sakimoto bakery,Osaka,Naniwa,Store,Bakery that offers pistachio bread (also in Tokyo),https://maps.app.goo.gl/amPZJ8hLJJSpgmQm7,
Sunshine city,Tokyo,Ikebukuro,Store,Web-oriented mall,https://maps.app.goo.gl/8qRXJ7RpyNbsjy6F6,
Iroha buffet,Tokyo,Koto,Restaurant,Very good fish and seafood restaurant (expensive),https://maps.app.goo.gl/SyBt3qJDgUhuLpHm6,
Kama-daru Falls (7),Kawazu,Kamo,Other,"Natural onsen with a waterfall. Mixed-gender, swimsuits and tattoos allowed.",https://maps.app.goo.gl/kQkPnebCirBweXQs9,
Minoringo,Tokyo,Shibuya,Restaurant,Good curry restaurant in Harajuku,https://maps.app.goo.gl/ukZK6MLL4iSfDcNc8,
Ponshukan,Yuzawa,Minamiuonuma,Bar,"Located in Echigo-Yuzawa Station, over a hundred sakes to taste",https://maps.app.goo.gl/ExD2JXbGmmDFJPUo8,
Shabu-Shabu Lettuce Shibuya Center Gai Store,Tokyo,Shibuya,Restaurant,All-you-can-eat shabu shabu (2 hours ¥3600 - ¥9900),https://maps.app.goo.gl/MgFf2PZU5xexwwoq6,
Kusatsu Onsen,Kusatsu,Agatsuma,Other,Highly renowned spa resort,https://maps.app.goo.gl/9CXKj4hL4cjC8EMZ8,
Mochizen,Nara,Minamimachi,Restaurant,Restaurant serving classic and modern mochi. Option to book a mochi-making activity using traditional methods.,https://maps.app.goo.gl/kFGHX8ckyXXgoiNU7,
Todoroki Ravine Park,Tokyo,Setagaya,Other,1km of ravine in a magnificent park,https://maps.app.goo.gl/L7To26TKNKAzgyzY6,
Kifune-jinja,Kyoto,Sakyo,Temple,"Temple on the side of Mount Kurama, quite far from Kyoto",https://maps.app.goo.gl/RNRU1tcdTkN3J5rg8,
Yasuke Tsurube Sushi Restaurant,Nara,Yoshino,Restaurant,Nara's oldest sushi restaurant (5k lunch and 7k dinner),https://maps.app.goo.gl/NkZSJBtXKusqVKAs7,
Tototo,Tokyo,Nakano,Restaurant,Pizza style tokyo,https://maps.app.goo.gl/qVGtB6E5G2c1BL6R8,
Kurama-dera,Kyoto,Sakyo,Temple,Temple accessible by cable car,https://maps.app.goo.gl/T1yPmHjJD8xbdvVU9,
Daimonjiyama,Kyoto,Sakyo,Other,"Viewpoint overlooking all of Kyoto, not too crowded",https://maps.app.goo.gl/QQ6uUaDVYN8Riypy9,
Enryaku-ji,Otsu,Shiga,Temple,Temple located between Otsu and Kyoto with a peaceful hiking trail,https://maps.app.goo.gl/S7JkRFvtr5Z3tiuN8,
Yugeta Soy Sauce,Saitama,Sakano,Store,Yugeta's main soy sauce store. You can also try soy sauce ice cream.,https://maps.app.goo.gl/KzUcvKeXqo7iLURS8,
Sanjusangendomawari,Kyoto,Higashiyama,Temple,Temple with about a hundred Buddha statues with different faces,https://maps.app.goo.gl/8w81MCmHaTgh4saGA,
TACOS 3HERMANOS HARAJUKU,Tokyo,Shibuya,Restaurant,Mexican taco restaurant in Harajuku,https://maps.app.goo.gl/fzfpb5o9pD9ic6pHA,
Sushi Atsuya,Osaka,Abeno,Restaurant,Sushi restaurant that uses naturally less sweet rice (reservations required ~11k),https://maps.app.goo.gl/tW3fnthNyUrcDMy28,
大徳壽TOKYO 六本木けやき坂,Tokyo,Roppongi,Restaurant,Yakiniku of luxury,https://maps.app.goo.gl/4GdmodKqetv4MSNa9,
Meguro Gajōen,Tokyo,Meguro,Hotel,A museum hotel that offers magnificent exhibitions periodically at affordable prices(?),https://maps.app.goo.gl/JTFtdfDz8iWpnMr48,
Sushi Shiina,Tokyo,Chiyoda,Restaurant,Quite affordable and the chef speaks English,https://maps.app.goo.gl/S6Nm5A1QqykN1zwy8,
Ebimaru ramen,Tokyo,Chiyoda,Restaurant,Hummus ramen (and the most classic kind),https://maps.app.goo.gl/QLJXfdu9cVjTsXoo6,
Madume Ochanomizu,Tokyo,Chiyoda,Restaurant,Izakaya specializing in fish,https://maps.app.goo.gl/53LoRgRCYsVMuRb56,
Washoku Daikoku Kawagoeten,Saitama,Kawagoe,Restaurant,restaurant specializing in sustainably caught eels,https://maps.app.goo.gl/8nQ89YVQMxeVwtog6,
Inamura,Tokyo,Katsushika,Restaurant,Tempura counter,https://maps.app.goo.gl/bM6kYJoeEeLM5JFJ7,
Kanadaya,Tokyo,Ginza,Restaurant,Luxury fruit mochi shop (~1000),https://maps.app.goo.gl/g16cYQTKaChQ7kFh6,
Tsuru Ton Tan Shibuya,Tokyo,Shibuya,Restaurant,High-end udon chain,https://maps.app.goo.gl/yALAgdAX9sP17Ewd8,
Hachinoki Kita-Kamakura Shinkan,Kamakura,Kanagawa,Restaurant,Upscale restaurant serving traditional cuisine,https://maps.app.goo.gl/91N3wt2AJLaDusor6,
Pandora Lounge Cafe,Tokyo,Meguro,Restaurant,Lounge cafe near the Gajoen Hotel Museum,https://maps.app.goo.gl/Y5cegoAd5EPMsuc97,
Yamato tei,Tokyo,Katsushika,Tea room,Matcha House in an old traditional house with a Japanese garden that includes a museum section,https://maps.app.goo.gl/VjDXd8ysEd2c9nAf6,
Yakiniku aging beef,Tokyo,Shinjuku,Restaurant,yakiniku (a bit pricey) of aged wagyu beef,https://maps.app.goo.gl/fSDvnjH9LR4TNfjp9,
Kan ei dō,Tokyo,Meijiro,Confectionery,Traditional confectionery and tea room,https://maps.app.goo.gl/5qRBHn1ZsHoRjwY58,
Hakata Genki Ippai!!,Fukuoka,Hakata,Restaurant,"""Hidden"" ramen (look for the blue seal) in the Michelin guide. Specializing in tonkutsu (creamy pork broth).",https://maps.app.goo.gl/C8iFwvamvtnrRdNCA,
Shirakawa-gō,Shirakawa-gō,Shirakawa-gō,Other,"A village renowned for its tea, with the possibility of harvesting and processing the tea yourself.",https://maps.app.goo.gl/3qWjYWbzBAxAu6RCA,
Edo-Tokyo Open-Air Museum of Architecture,Tokyo,Koganei,Museum,An open-air museum recreating Edo-era Japan,https://maps.app.goo.gl/DpxoE5oBWWEwz98t9,
Panel Cafe Kyoto,Kyoto,Higashiyama,Restaurant,Cafe known for its fluffy pancake with crème brûlée (long wait ~1 hour),https://maps.app.goo.gl/ropWaTcQfSMGyewX7,
Eikan-dō Zenrin-ji,Kyoto,Sakyo,Temple,A little-visited temple with a view of Kyoto and a small lake,https://maps.app.goo.gl/iPvmH9agcuR8M117A,
Shiretoko National Park,Hokkaido,Hokkaido,Park,National park with rare flora and fauna,https://maps.app.goo.gl/RiWmS5yia3k3KKk96,
Kamikōchi,Matsumoto,Matsumoto,Park,Japanese Alps National Park,https://maps.app.goo.gl/RcweU55sDfuz1NVx7,
Kōenji,Tokyo,Suginami,Other,"A popular, retro neighborhood. Known to vintage clothing enthusiasts.",https://maps.app.goo.gl/JKLLQ8KE4aMB7KfWA,
Nikujiru Gyoza Dandadan Higashiueno,Tokyo,Taitou,Restaurant,izakaya specializing in gyoza,https://maps.app.goo.gl/478xGGwCpmXkga4Y7,
Nakagawa River Cruise,Fukuoka,Chuo,Local activity,Cruise on the Nakagawa River (best done at night),https://maps.app.goo.gl/3DZms9Bxm1jTezPTA,
Dazaifu Tenman-gū,Fukuoka,Dazaifu,Temple,Temple dedicated to the god of learning,https://maps.app.goo.gl/PrLxCXc71koUfeen9,
Motonosumi Inari Shrine,Yamaguchi,Yuyatsuo,Temple,Temple by the sea,https://maps.app.goo.gl/LF5f5apbPFtxrcMf9,
Tochoji,Fukuoka,Hakata,Temple,Temple in the middle of Fukuoka with a large wooden Buddha,https://maps.app.goo.gl/z4ZSFsgXcUBV3ZL87,
KENZO cafe,Fukuoka,Hakata,Restaurant,Kitanamichelin 3-star ramen restaurant,https://maps.app.goo.gl/cFnH97V6fuhC8K5w7,
Nakasu Yatai Yokocho,Fukuoka,Hakata,Other,Shopping street specializing in street food stalls,https://maps.app.goo.gl/kRtuQxHqym7eb8T1A,
Fukuoka Castle,Fukuoka,Chuo,Other,Ruined castle with a large garden,https://maps.app.goo.gl/JekZU9V4n1WfQyV88,
Motsunabe Yamanaka Honten,Fukuoka,Minami,Restaurant,Semi-gastronomic restaurant specializing in motsu nabe,https://maps.app.goo.gl/1F4JAtErLhCuo6B4A,
Koishikawa Koraku-en,Tokyo,Bunkyo,Other,Garden dating from the 17th century,https://maps.app.goo.gl/77yjS9GbEuChJ1v88,
BOOKOFF SUPER BAZAAR SEIYU Omori Store,Tokyo,Shinagawa,Store,Bookstore (and more) with second-hand items,https://maps.app.goo.gl/TZcNrMNQJa9RM4kH6,
いづ美,Tokyo,Nakagawa,Restaurant,Small neighborhood restaurant with a regularly changing menu,https://maps.app.goo.gl/QTt6SYS9cGoXjLbx5,
Atsuta-jingū,Nagoya,Atsuta,Temple,Temple housing a sacred sword,https://maps.app.goo.gl/qepc85pGNRe9GhuZ7,
Terraced Rice Fields of Hamanoura,Genkai,Higashimatsuura,Other,Rice fields in the earth,https://maps.app.goo.gl/CJ4suK4UkJx6GRoF9,
Inabeshi Agriculture Park,Inabe,Mie,Other,Large botanical garden in the countryside,https://maps.app.goo.gl/KDpYu2FeiypysL41A,
Mount Tanzawa,Kurokura,Ashigarakami,Other,"A mountain with hiking trails and mountain huts, this imposing peak offers panoramic views of the countryside.",https://maps.app.goo.gl/R6Nmo1bbs41yqK3UA,
Otagi Nenbutsuji Buddhist Temple,Kyoto,Ukyo,Temple,"Buddhist temple founded in the 8th century including more than 1,200 stone heads in its gardens.",https://maps.app.goo.gl/d98H28vJ68xu51B58,
TCG / BOARD GAME Cafe & Bar FUN 八重垣ビル地下1階店,Tokyo,Taitou,Other,Board game and card bar that makes custom cocktails based on the cards shown,https://maps.app.goo.gl/yQoNWQaQn7nSWbvp8,
Mount Tenpō,Osaka,Minato-city,Other,"Smallest mountain in Japan. Ask for the certificate after ""climbing"" the mountain at nearby shops.",https://maps.app.goo.gl/wSzFXD5XKu5a6kKE6,
鰻の成瀬 嵐山店,Tokyo,Ukyo,Restaurant,Restaurant specializing in eel,https://maps.app.goo.gl/Ny29pJqP5rYmR2ES6,
Nishijin Textile Center,Kyoto,Kamigyo,Store,Quality textile shop with the option to book fabric/scarf making activities,https://maps.app.goo.gl/Zd5Cf6DTvaWWtgW47,
Bunbuku,Kobe,Chuo,Restaurant,Restaurant specializing in Chazuke,https://maps.app.goo.gl/34MLBQYtR4fPxSb79,
MIRAI SAKE / KUBOTA SAKE BAR,Tokyo,Shibuya,Bar,Sake bar with tasting of several types of sake and AI profiling,https://maps.app.goo.gl/wQcFejQGczh5rdfs5,
Akiba Fandom,Tokyo,Akihabara,Store,Anime and VTuber merchandise shop (no judgment),https://maps.app.goo.gl/7vLnyvmLyyv5qxNy9,
Udon Shin,Tokyo,Shibuya,Restaurant,Very good udon restaurant,https://maps.app.goo.gl/MBEVYnFG3vkrm5EH7,
Via Meidaimae,Tokyo,Setagaya,Other,A little Easter egg for the weebs,https://maps.app.goo.gl/Y8n4hVEwdx4hYU5f6,
Onigiri Gorichan,Osaka,Kita,Restaurant,XXL onigiri restaurant (konbini reference),https://maps.app.goo.gl/MPWy1kt7F6SVxwY58,
Sankei-en,Yokohama,Naka-ku,Building,"Historic buildings from all over the country line this traditional Japanese garden, which was opened to the public in 1906.",https://maps.app.goo.gl/5vbrdfCLKjfizbaN9,
Fukujuen Uji (Uji Tea Factory),Kyoto,Uji,Local activity,"A tea factory where you can eat and drink, as well as book activities such as making matcha, hojicha, etc.",https://maps.app.goo.gl/v3Je6nV1Ae8URs1FA,
Himawari Sushi,Tokyo,Shinjuku,Restaurant,Sushi restaurant with good value for money,https://maps.app.goo.gl/MZ5cFwDPB13KQPBm6,
Unnamed Ramen Restaurant,Kyoto,Nakagyo,Restaurant,Unnamed ramen restaurant (no sign). Known for its beef ramen.,https://maps.app.goo.gl/CVrJKfR3Uo5nSCNt7,
Amabikisan Rakuhōji (Amabiki Kannon),Sakuragawa,Ibaraki,Temple,Temple of ducks (full of ducks) and peacocks,https://maps.app.goo.gl/3CuSNuRANHQTt7ku7,for connoisseurs
Tokaikan,Ito,Higashimatsubaracho,Building,Former ryokan retreat in museum,https://maps.app.goo.gl/rpv7EHFuKibq8uSf8,
watashino,Tokyo,Taitou,Local activity,Workshop for making Tosa washi paper,https://maps.app.goo.gl/gVfFvuXyZbqunxKy9,
Karamenya masumoto 元祖辛麺屋桝元下北沢店,Tokyo,Kitazawa,Restaurant,Known for its spicy ramen,https://maps.app.goo.gl/PtP4wsNTQdqkeFNY9,
Orinami Asakusa,Tokyo,Asakusa,Local activity,"Visit to an Omamori factory + making demonstration (3,300 yen)",https://maps.app.goo.gl/BJnwUeHpWAwByCWS9,See the Instagram account @orinami_asakusa
Shinsaibashi PARCO,Osaka,Chuo,Store,"geek/weeb-oriented shopping center (Pokécenter, Lego, Capcom, Ghibli, ...)",https://maps.app.goo.gl/BRhzRUkB9CnLQucf8,
Akihabara Gachapon Hall,Tokyo,Akihabara,Store,Shop specializing in gachapons,https://maps.app.goo.gl/pm54S8v3Whj7QMJu8,
Mister Donut,Tokyo,Akihabara,Restaurant,Donut restaurant chain,https://maps.app.goo.gl/7tJhMYDGkJeBiYvB8,to make the pilgrimage to the Pont de Ring (recently closed)
Moyan Curry Ribingu,Tokyo,Shinjuku,Restaurant,Curry buffet that has a Yu-Gi-Oh card with its name on it,https://maps.app.goo.gl/drTVddmUWkcvHS1TA,
Brisk Stand Asakusa,Tokyo,Taitou,Restaurant,One of the best burgers in Japan (source: tkt) (also in Kobe) burger cut in half and grilled again for more texture,https://maps.app.goo.gl/8UwgvMeoxiduFjeJ8,
Kome Dorobou,Osaka,Naniwa,Restaurant,Osaka chicken nanba (fried chicken with tartar sauce),https://maps.app.goo.gl/YSMgiPpsnpeBikTe6,
Menchirashi,Tokyo,Shibuya,Restaurant,Tokyo udon carbonara,https://maps.app.goo.gl/V5Z3p81LKiq3xiJ26,
Tonkatsu Marushichi | Monzen-nakacho,Tokyo,Koto,Restaurant,Specializing in thick tonkatsu (breaded pork),https://maps.app.goo.gl/Auh2Uu5Az39m1c8B6,
Tatsumi Shindo,Tokyo,Koto,Other,Small street like Goldenkai (full of small restaurants and bars),https://maps.app.goo.gl/bg4aB2MqXCdE6DnX8,
Age 3,Tokyo,Chuo,Restaurant,Specializing in dessert sandwiches,https://maps.app.goo.gl/gtUAh4of8g8B7ykt8,
Tsuzuki,Nagoya,Nakamura,Tea room,Café with a floral ambiance and coffees from around the world,https://maps.app.goo.gl/3dHHJhgMhXkTtkJj9,
Engaku-ji,Kamakura,-,Temple,Buddhist complex with a goshuin on wood,https://maps.app.goo.gl/jB8mpS7cByP2MBMK7,
Osaka Prefectural Sayamaike Museum,Osaka,Osakasayama,Museum,"Museum on the history of irrigation architecture in Japan, designed by Tadao Ando, ​​a Pritzker Prize winner in architecture.",https://maps.app.goo.gl/AAwoSQEzEQw68byd8,
Sayama Pond,Osaka,Osakasayama,Park,Oldest water reservoir in Japan (7th century),https://maps.app.goo.gl/HZ1yZur2cKRhwDcx8,
"Susuruka, Susuranka",Nara,Minamijodocho,Restaurant,"Ramen fused with mapotofu (a typical dish from Szechuan, China) with a portion of grilled cheese",https://maps.app.goo.gl/sW77NytRVNaeqbrP7,
Choushiya,Tokyo,Ginza,Restaurant,Specializing in koroke (since 1927) and koroke sandwiches,https://maps.app.goo.gl/JZdE5rDDVbtNojYq5,
ICON,Tokyo,Shibuya,Restaurant,"Burger experimentaux (mac'n cheese, ananas, ...)",https://maps.app.goo.gl/uL1WHEERRdd83tRP6,
Yayoiken,Tokyo,Shinjuku,Restaurant,Japanese fast food chain,https://maps.app.goo.gl/Geb3K8PxqB2dHvZ36,
Tokura,Kyoto,Minami,Restaurant,Super juicy hanbague (also in nakagyo),https://maps.app.goo.gl/sNip3bdKtsmu4wVN6,
Naganoya,Kobe,Chuo,Restaurant,Kobe soba curry,https://maps.app.goo.gl/B8X5ENy5JVRqAcKu7,
Shin Shin,Fukuoka,Chuo,Restaurant,They are very well known for their Hakata-style ramen (several restaurants in Fukuoka),https://maps.app.goo.gl/r4H2hng6S7ij9jiS8,
Katsuō-ji,Osaka,Aomatani,Temple,"Daruma temple, with several collectible stamps to form an image",https://maps.app.goo.gl/1QVHBaUZ2s9cy39w6,
Taikenkobowaraku,Kyoto,Higashiyama,Local activity,"Craft activities include making hairpins, wands, earrings, incense, etc. Finished products are also available for purchase.",https://maps.app.goo.gl/pofvsLRRt5kMJVEr8,
Chikuyotei Ginza,Tokyo,Ginza,Restaurant,Restaurant specializing in eel and sea bream. The staff is unpleasant and racist (especially towards non-Japanese Asians).,https://maps.app.goo.gl/7NCVZ5PQMW4pCkPD6,
Ebisu banh mi bakery,Tokyo,Shibuya,Restaurant,best banh min in Tokyo,https://maps.app.goo.gl/AuUzCPSrus2TTS3L7,
Tsukumo Ramen Ebisu Honten,Tokyo,Shibuya,Restaurant,Known for ramen with a mountain of cheese,https://maps.app.goo.gl/bkd9oiZPBnPyfnmx5,
Mijinco Coffee,Tokyo,Bunkyo,Tea room,Coffee with a better version of fluffy pancakes,https://maps.app.goo.gl/zwksfvbShQd4wPqY9,
Tosakko Ramen,Tokyo,Toshima-city,Restaurant,Specialty Ramen with fat,https://maps.app.goo.gl/fKZpksdt4CexiTWG6,
Menmen,Tokyo,Nerima,Restaurant,Karaage ramen specialty (karaagemen),https://maps.app.goo.gl/LW2BnErw6Lo75zu56,
fullcomp,Tokyo,Akihabara,Store,TCG store chain,https://maps.app.goo.gl/qWjHeRs5MNCHELuL8,
Tonkatsu Daiki,Osaka,Chuo,Restaurant,Thick tonkatsu specialty,https://maps.app.goo.gl/8PddvG6VaMsNfhWL9,
Ippudo,Osaka,Naniwa,Restaurant,A chain of ramen restaurants for introverts (like Ichiran but better and less crowded),https://maps.app.goo.gl/EReiJNNFeNokwmnp9,
Usagi,Tokyo,Shibuya,Restaurant,Known for its tantanmen,https://maps.app.goo.gl/rcY2SShq2nGx999A8,
Kousagi Ramen,Tokyo,Toshima-city,Restaurant,"A subsidiary of Usagi, but less frequented.",https://maps.app.goo.gl/v1sD1AQwVBL6dLxy8,
Marucho,Tokyo,Shinjuku,Restaurant,Soba noodle soup,https://maps.app.goo.gl/qUiN5citiDCENFsMA,
Soupless Tantanmen Piriri Akihabara Store,Tokyo,Akihabara,Restaurant,Mapo tofu tantanmen,https://maps.app.goo.gl/5UyDhDCMZcJC3FAU6,
Akashiyaki Tsukasa,Tokyo,Chuo,Restaurant,"Akashiyaki (a type of takoyaki without sauce, meant to be dipped in dashi)",https://maps.app.goo.gl/m373cnY2S67d3JCx6,
cafe dalcomhada,Tokyo,Shinjuku,Restaurant,Pastries in the shape of animals (including the famous lemon duck cake),https://maps.app.goo.gl/APQQdEqKgb6d3xiNA,
Shiodome,Tokyo,Minato-city,Other,Animals,https://maps.app.goo.gl/prPQskYT5itVxxd39,
PAPABUBBLE パパブブレ,Osaka,Chuo,Store,Fresh handmade candy shop,https://maps.app.goo.gl/gAhSAgegF7LugNkj7,
Tsukemen Gonokami Seisakusho Shinjuku,Tokyo,Shinjuku,Restaurant,Tsukemen with shrimp broth,https://maps.app.goo.gl/RBcG1yU9YzCJgpoc8,best tsukemen of my life
Nashimura coffee,Kobe,Chuo,Tea room,European-style tea room,https://maps.app.goo.gl/nTgZyEBWvVk1GxXs9,Excellent pastries and a calm atmosphere
Kobe beef steak Tramatsu no nikutarashi,Kobe,Chuo,Restaurant,Small restaurant serving certified Kobe beef,https://maps.app.goo.gl/Z776C5wi3MJUEdWK9,Excellent meat and a little cheaper than elsewhere
K-books Namba-ichibankan,Osaka,Naniwa,Store,Manga and weeb merch shop in the heart of Denden,https://maps.app.goo.gl/jfu4SR4FhXYgsC7X6,A great place to find old VTuber merch and second-hand merchandise.
Nipponbashi Denden Town,Osaka,Naniwa,Other,Osaka's electronics and geek district. Equivalent to Tokyo's Akihabara.,https://maps.app.goo.gl/QAvXCs95BCud9coGA,
Osaka Castle,Osaka,Chuo,Museum,"Famous castle dating from 1597, rebuilt since, with gardens and a museum with varied exhibitions.",https://maps.app.goo.gl/g7xAz1jfbtTasSGF7,
Nakanoshima Park,Osaka,Kita,Park,"Osaka's first public park, founded in 1891, includes a library, a rose garden, and a ceramics museum.",https://maps.app.goo.gl/iVVqKtbbgLuZdTNx8,
Minoo Waterfall,Osaka,Minoh,Park,"A 33-meter waterfall surrounded by deciduous trees, with an easy hiking trail and numerous benches.",https://maps.app.goo.gl/U5qXci8BPyjCo3eaA,
Hoshida Park,Osaka,Katano,Park,A 100-hectare park with a 280-meter-long suspension bridge 50 meters high.,https://maps.app.goo.gl/gTxRWDHFFYLhV39dA,
National Museum of Art,Osaka,Kita,Museum,"Underground art museum with souvenir shop, showcasing works by renowned artists on various media.",https://maps.app.goo.gl/R9srG472oj1di2hu8,
Katsura Hanare かつら はなれ,Osaka,Kita,Restaurant,Kaiseki restaurant (traditional dinner),https://maps.app.goo.gl/PgePFLMb143ASEuZA,
Shitennoji,Osaka,Tennoji,Temple,"Restored Buddhist temple built in 593, with a 5-level pagoda, statues and ponds populated with turtles.",https://maps.app.goo.gl/Pcm3nzJ6PGab3kV47,
Parks Garden,Osaka,Ninawa,Park,Architecturally interesting,https://maps.app.goo.gl/KxsY2XX2C2LN5qfT9,
Kaiyukan Aquarium,Osaka,Minato-city,Museum,"One of the world's largest aquariums, home to arctic and tropical aquatic species.",https://maps.app.goo.gl/82HZzKGvDHdRQQwG8,
Sennichimae Doguyasuji Shopping Street for cookware,Osaka,Chuo,Store,"Shopping street dedicated to the sale of household products, kitchen utensils, pottery and tools.",https://maps.app.goo.gl/82QezmvxaeMg1nt38,A very good place to buy kitchen knives
Jungle Fantastic Machinery Museum Mecha Store,Osaka,Ninawa,Store,Store specializing in mecha merchandise,https://maps.app.goo.gl/HW7xxBBAMoB8fbBw6,
Kasuga-taisha,Nara,-,Temple,Temple of a Thousand Lanterns,https://maps.app.goo.gl/UdQff7EyC6uHvGLz7,
Shin Yakushi-ji,Nara,-,Temple,Eighth-century Buddhist temple housing statues of the Twelve Heavenly Generals.,https://maps.app.goo.gl/dnPxgg4MyYAGXJMo7,
Mugen Ramen,Osaka,Naniwa,Restaurant,Generous ramen in meat,https://maps.app.goo.gl/HoNuW19xYBEbvoKi7,
Dontaku Doyama,Osaka,Kita,Restaurant,Okonomiyaki restaurant serving Hiroshima and classic versions,https://maps.app.goo.gl/stDroT3eXTzTK5a59,
Katsudon Yoshibei Sannomiya Honten,Kobe,Chuo,Restaurant,One of Kobe's best Katsudon,https://maps.app.goo.gl/cx9UUyhWfWctxJ1z7,
Uobei Abikoten,Osaka,Sumiyoshi,Restaurant,Conveyor belt sushi restaurant chain with meat sushi options,https://maps.app.goo.gl/dh2bqxErnmF2YpmTA,
,,,,"Restaurant chain founded by a former rikishi, specializing in huge pieces of katsu",,