Nom,Ville,Quartier,Type d'activité,Description,lieux/site,Commentaire
Fushimi Inari-taisha,Kyoto,Minami-ku,Temple,Rando des 1000 tori (très facile),"https://www.google.com/maps/place/Fushimi+Inari-taisha/@34.9671402,135.7726717,3a,75y,90t/data=!3m8!1e2!3m6!1sAF1QipMyGYtWuAsRLn-8i4kXkMBmUD9pRHQcJgxAEM9_!2e10!3e12!6shttps:%2F%2Flh5.googleusercontent.com%2Fp%2FAF1QipMyGYtWuAsRLn-8i4kXkMBmUD9pRHQcJgxAEM9_%3Dw86-h114-k-no!7i3024!8i4032!4m5!3m4!1s0x60010f153d2e6d21:0x7b1aca1c753ae2e9!8m2!3d34.9671402!4d135.7726717","Rando facile, prendre les photo depuis le haut pas depuis le bas (trop de monde)"
Sensou-ji,Tokyo,Asakusa,Temple,lieux le plus photographier du monde,"https://www.google.com/maps/place/Sanctuaire+Asakusa/@35.6826846,139.730161,12.79z/data=!4m5!3m4!1s0x60188ec1a4463df1:0x6c0d289a8292810d!8m2!3d35.7147651!4d139.7966553",A voit une fois mais globalement osef (attention au boutique de pigeonnage de tourriste)
Shinjuku Gyoen,Tokyo,Shinjuku,Parc,Plus grand parc de Tokyo,https://maps.app.goo.gl/GsTTFksakJjcUoqu5,Parc sympas pour se reposer mais pas fou
Meiji-jingū,Tokyo,Shibuya,Temple,Temple+parc temple de fou,https://goo.gl/maps/7gKiGYU79i9JVg6p6,Un peu Touristique mais bon point de départ pour visité harajuku
Masahiro sword smith,Kyoto,Campagne Kyoto,Activité local,Forge de lame traditionnel (cher + prévoir à l'avance),https://goo.gl/maps/D9P4rYZpWrMwycra7,
base ball sur les toit,Tokyo,Ikebukuro,Activité local,Faire du base ball sur les toit de tokyo,Batting Center - Du baseball sur les toits de Tokyo,
Statue Hachiko,Tokyo,Shibuya,Autre,voir la statue de hachiko,https://goo.gl/maps/VsCNYmNT4gTDUhgv7,Point overcrowded pour les photo mais sympa a voir
Tsukiji,Tokyo,Chuo-city,Restaurant,Marché du poisson,https://goo.gl/maps/dHoFXQzf3AXc3mmW9,
Gion Matsuri,Kyoto,Gion,Autre,Plus grand festival d'été du Japon,Gion Matsuri 2024 - Chouette Calendrier,Overcrowded de fou mais les gens sont sympas a faire sur plusieur jour
Trader,Tokyo,Chiyoda,Magasin,Magasin rétro gaming,https://goo.gl/maps/ZHT3YvWv7AjBbADA7,Bon plan pour les fans de retro gaming
Game park,Tokyo,Ikebukuro,Salle d'arcade,Salle d'arcade peu connu,https://goo.gl/maps/kbRSMSV8wuMNQWyB8,
Mandarake shibuya,Tokyo,Shibuya,Magasin,"Magasin manga, jeu, jouet",https://goo.gl/maps/i5x8Ljmm5Q8HtLdz6,
Sofmap,Tokyo,Akihabara,Magasin,"Magasin de jeux, figurine, rétro",https://goo.gl/maps/E1tBJ7gWRcEasSoU7,
Mandarake Complexe,Tokyo,Akihabara,Magasin,"Magasin manga, jeu, jouet (8 étages)",https://maps.app.goo.gl/1a3wE1MDCV6sudeX8,Mon lieux principal d'achat de mangas
Mandarake Ikebokuro,Tokyo,Ikebukuro,Magasin,"Magasin manga, jeu, jouet",https://goo.gl/maps/5ivGTDynw5weYpsY7,
Womb,Tokyo,Shibuya,Club,Une des plus grosse boite de nuit,https://g.page/wombtokyo?share,Prix d'entré trop cher
Japan Sake and Shōchū Information Center,Tokyo,Minato-city,Musée,Musée et dégustation de saké et shochu,https://goo.gl/maps/k1nAC12NPTY7u67W7,
Bonjour Tokyo Bar,Tokyo,Toshima-city,Bar,bar karaoké soirée française,https://g.page/BonjourTokyoBar?share,
Kawagoe Hikawa Shrine,Saitama,Kawagoe,Temple,Temple de fou dans un quartier incr(ville collé à Tokyo),https://goo.gl/maps/tPoWgJpyJevgrZBH6,
Toki no Kane,Saitama,Kawagoe,Autre,"Cloché de l'ère Edo ( sonner les cloches quatre fois 6h00, midi, 15h00, 18h00)",https://goo.gl/maps/kZdd8txF4yPJVA6F7,
Parc,Saitama,Kawagoe,Magasin,magasin/centre de saké et de bière local,https://goo.gl/maps/p1B9Y7rPArGVN24c8,
Tour de tokyo,Tokyo,Minato-city,Autre,La tour eiffel jap qui diffuse des animé,https://goo.gl/maps/ecY6FYmFFYjZwtZv6,Plein d'activité autre a l'intérieur
Cha Ginza Uogashimeicha Ginza,Tokyo,Chuo-city,Magasin,Magasin/salon de thé,https://goo.gl/maps/6bXT2ZhRoBmWZDHK6,
AiiRO CAFE,Tokyo,Shinjuku,Bar,Bar LGBT (1 000 yen en bière à volonté de 18h à 21h),https://goo.gl/maps/ssSLjXtSc6dd2LgY6,
Yasaka-jinja,Kyoto,Gion,Temple,Temple coloré dans le quartier ultra tradi de kyoto,https://goo.gl/maps/JCRkdwLj1cjgb2zQ8,Temple principal de Gion
Nijō-jō,Kyoto,Nakagyo-ku,Autre,Ancien chateau de l'empereur,https://goo.gl/maps/Uigqtr628iTgwZd59,Entrée gratuite
Kinkaku-ji,Kyoto,Kita-ku,Autre,chateau dorée,https://goo.gl/maps/5fepxadjyXdsMqGv8,Lieux très photogénique avec pas tant de monde que ça en fin d'aprèm
Ginkaku-ji,Kyoto,Sakyo-ku,Autre,chateau d'argent,https://goo.gl/maps/v6w51Je9Hv7UKLwP7,
Tozando Shogoin Store,Kyoto,Sakyo-ku,Magasin,Magasin sabre et armure avec possibiliter d'essayer les armures,https://goo.gl/maps/nu5BmT5RaoZPYRSQ9,"Les katana en exposition ne sont pas des katana tailler, mais les katana antique le sont (cher)"
Musée Ghibli,Mikata,Shimorenjaku,Musée,Musée ghibli prévoir à l'avance (ville dans la métropole de Tokyo),https://goo.gl/maps/5YpwxmWZRS7cAKbRA,
Musée national de Tokyo,Tokyo,Taitou,Musée,Musée d'art traditionnel japonnais,https://goo.gl/maps/sjpEnAT2hWccNnzv6,
Musée international du manga de Kyoto,Kyoto,Nakagyo-ku,Musée,Gigantesque musée de manga (50 000 exemplaire),https://goo.gl/maps/mmDU6NPQz6JrfEyX6,
Arashiyama Bamboo Forest,Kyoto,Ukyo,Rando,Foret de bambou en bordure de ville (très très facile),https://g.page/arashiyama-bamboo-forest?share,
Souden,Kyoto,Nakagyo-ku,Restaurant,Restaurant de sushi rond,https://goo.gl/maps/Yjnx8D99Y9iWbUMN7,
Tsuruya Yoshinobu Kyoto Main Store,Kyoto,Kamigyo,Magasin,Magasin de confiserie traditionnel + possibilité de voir la fabrication (+ dégustation avec thé) + très réputé (approuvé par la famille impériale),https://goo.gl/maps/zoX1nqJhi3MUpF5Q6,"Expérience incroyable, inconnu du grand publique"
Nazuna Kyoto Nijo-jo,Kyoto,Nakagyo-Ku,Hotel,Hotel,https://goo.gl/maps/VD1kkJyRmYkApKA28,
Wak Japan,Kyoto,Nakagyo-Ku,Activité local,"Multiple activité traditionnel (cérémonie du thé, origami, calligraphie, ...)",https://goo.gl/maps/jaA1ejU7RWiXjzUP8,
Eitarouya,Kyoto,Nakagyo-Ku,Magasin,Magasin de kimono pour homme avec possibilité de commander sur place et de le recevoir en france (c'est cher mais askip ça peut allé),https://goo.gl/maps/eFa3443vnBHU2XuUA,Prix moyen pour kimono homme d'été 1100€
Black silk,Kyoto,Nakagyo-Ku,Magasin,"Magasin de teinture de Kamon (symbole de famille samurai) avec possibilité de choisir son Kamon (samorai, original, signe astro, date de naissance, ...), customiser",https://g.page/kansyakun?share,
Premarché Alternative Diner,Kyoto,Nakagyo-Ku,Restaurant,Restaurant végé/végan,https://goo.gl/maps/3E8TiexMxYVAcmAT6,
Kyolan Kimono rental,Kyoto,Ukyo,Magasin,"Location + photo shoot kimono (~40€ kimono,~17€ yukata)",https://goo.gl/maps/aADSASwevYPB8D4PA,
Kimono Forest,Kyoto,Ukyo,Autre,"Lieux touristique à faire de nuit, remplis de poteau de kimono",https://goo.gl/maps/1tXeEuJwWLG5T6A97,
Negiya Heikichi Pontocho shop,Kyoto,Nakagyo-Ku,Restaurant,Restaurant d'anguille pas cher et bien servis,https://goo.gl/maps/Lzh4cgM9GBkgN7QeA,
snack Bar A-55 Kyotoshijo-Kawaramachi,Kyoto,Nakagyo-Ku,Bar,Bar de confiserie jap (tous ce que tu peux manger pendant 1h),https://maps.app.goo.gl/NLtyT269y5hgvXvY6,
Yakiniku LIKE,Kyoto,Nakagyo-Ku,Restaurant,Restaurant de wagyu a griller nous même (pas cher ~15€),https://goo.gl/maps/Hd12iYhVABHRuacx8,
Shikata Urushi,Kyoto,Shimogyo,Activité local,faire du Kintsugi (art de la réparation de céramique ~50€),https://goo.gl/maps/fqjLKU7uMptGNagKA,
Tenkaippin,Kyoto,Ukyo,Restaurant,Meilleur restaurant de ramen style kyoto (~13€),https://goo.gl/maps/qj1oY26byM8atJXt6,
Nikuya Suzu,Kyoto,Higashiyama,Restaurant,Restaurant de wagyu toute les parties du boeuf(€21 - €49),https://goo.gl/maps/CBGXEfqveCb3reMm9,
Kiraku Kyoto Zeniyacho,Kyoto,Shimogyo,Hotel,Ryokan dans le centre de kyoto avec onsen privé en exterieur (sans vis a vis) (~160€/nuit),https://goo.gl/maps/QPenBkYGYysZ8iws5,
Statue of Saigō Takamori,Tokyo,Ueno,Autre,Statue samourai légendaire,https://goo.gl/maps/cKgpVWubWR7XbMTG6,
Soranoiro,Tokyo,Chiyoda,Restaurant,"Ramen, réputé pour très bon bouillon",https://g.page/soranoironippon?share,
Japan Traditional Crafts (Aoyama Square),Tokyo,Chiyoda,Magasin,Expositions d'artisans Japonais,https://g.page/aoyama_square?share,
Palais impérial + Jardin impérial,Tokyo,Chiyoda,Palais,Résidence de l'empereur,https://goo.gl/maps/hESjwfRejAiw8HRG7,Parc fermé au publique la dernière fois
Musée national d'art moderne de Tokyo,Tokyo,Chiyoda,Musée,Musée retraçant l'art Japonais du XIX sièce à nos jours,https://goo.gl/maps/9MqPCVNUyMZkM3fN9,
Yasukuni Jinija,Tokyo,Chiyoda,Temple,Temple Shintoiste dédié aux morts pour la patrie,https://goo.gl/maps/o1kbXxNU16ENDzFi7,
Xex,Tokyo,Marunouchi,Club,"Bar dansant, Club de Jazz",https://g.page/XEXTOKYO?share,
Sadaharu Aoki,Tokyo,Marunouchi,Magasin,Grande maison de la patisserie Tokyoïte,https://goo.gl/maps/QPAFM4KePFvB3No8A,
Tokyo International Forum,Tokyo,Marunouchi,Batiment,Architecture interressante grande allée de baies vitrées traversée par des pacerelles,https://goo.gl/maps/H4rzFY8UGbpmBKy36,
Tamahide,Tokyo,Marunouchi,Restaurant,Restaurant le plus ancient de la ville (1760). Service et cadre traditionnel (fermé temporairement!!),https://goo.gl/maps/VQWnpAbePMyvwcGv5,
Mitsukoshi,Tokyo,Ginza,Magasin,"Plus ancien grand magasin de Tokyo, plusieurs sluptures à l'interieur. + roof top",https://goo.gl/maps/7V5vwFyQ54qk2kBEA,Osef
Musée du Cerf-volant,Tokyo,Marunouchi,Musée,Cerf-volant sur le thème des légendes japonaises,,
OKASHI GAKU,Tokyo,Sumida,Magasin,Gateau dans des cannettes (avec distributeur auto),https://goo.gl/maps/3kRQgMijSVbYbgLAA,
Namba Yasaka Jinja,Osaka,Namiwa,Temple,Temple à la tête de lion,https://goo.gl/maps/DGVaT6yc3Nzc43b39,
Takeshita St,Tokyo,Shibuya,Autre,"Harajuku, quartier jeune",https://goo.gl/maps/e3DHZxFtaACG3uaE6,Surcoté et en perte de vitesse
Kagurazaka,Tokyo,Shinjuku,Autre,Quartier français,https://goo.gl/maps/oi4iLDiBxDQjMZBP8,
Fukutaro,Osaka,Kita-ku,Restaurant,Très bon restaurant okonomiyaki style osaka,https://goo.gl/maps/ESX81Av9CvkNDJNb6,
Shinsekai,Osaka,Naniwa,Autre,Quartier commercant (full street food),https://goo.gl/maps/jrbujsPfMnMoXXEG6,
Naruto Taiyaki Hompo,Osaka,Chuo-city,Restaurant,Très bon Taiyaki,https://goo.gl/maps/Q1YuVeDF1KU2weoq7,
Cheese Tart Pablo Shinsaibashi,Osaka,Chuo-city,Restaurant,tarte au fromage,https://maps.app.goo.gl/HbkdaPP7aW6Wr1QX7,Bon mais j'aime pas trop ça
VILLAGE VANGUARD,Tokyo,Shibuya,Magasin,Libraire/don quijote,https://goo.gl/maps/zeCnW9UD48kit5jv7,
Monjayaki Masuda-tei,Tokyo,Shibuya,Restaurant,okonomiyaki tokyo style,https://goo.gl/maps/X8Bu9XEF8T55oWoHA,
Nakano Broadway,Tokyo,Nakano,Autre,Rue marchande geek/vintage,https://goo.gl/maps/FBwLYP33nDAfnWAh8,
Nakamise Shopping Street,Tokyo,Asakusa,Autre,Rue marchande street food (attention aux arnaque),https://goo.gl/maps/HD1YQD6uDXXyKvVB6,
Ameyoko Shopping Street,Tokyo,Ueno,Autre,Rue marchande street food,https://goo.gl/maps/R8Sdsgm8kWue2ceUA,
Gare de Tokyo,Tokyo,Chiyoda,Autre,Belle architecture + mall avec ramen street + grand magasin de kit kat,https://goo.gl/maps/c6uPXv8mcaZFYkk68,
Hamarikyūteien,Tokyo,Chuo-city,Parc,Grand parc traditionnel (a coté du palais imperial),https://goo.gl/maps/dbnrEz5fHKPatwFd8,
Pokémon Café,Tokyo,Chuo-city,Restaurant,Café thème pokémon ( réserver à l'avance),https://goo.gl/maps/Pt1Fcp92dvyCc8uU7,
Daikanyama,Tokyo,Shibuya,Autre,Daikanyamacho est un quartier élégant boutiques de créateurs de mode et d'accessoires de luxe,https://goo.gl/maps/ZUM2xdkw9uvWG5Fz7,
Genki Sushi,Tokyo,Shibuya,Restaurant,Chaine de sushi milieu de gamme (sur tapis fermer définitivement),https://goo.gl/maps/bYJq9y2LApAVQu767,
Meguro River,Tokyo,Meguro,Autre,Rivière celebre photogenique,https://goo.gl/maps/SgiPAVVfKWm4j9hv6,
Parc d'Inokashira,Tokyo,Musashino,Parc,Parc avec lac ( a coté de musé ghibli ),https://goo.gl/maps/3CBDXRM37dFjE3SJ8,
Shimokitazawa,Tokyo,Setagaya,Autre,Quartier hipster,https://goo.gl/maps/C3NCSXYGZJUotgFx7,
Nebuzo,Tokyo,Shibuya,Restaurant,Restaurant de sukiyaki,https://g.page/nabezo-shibuyacenter?share,
Cup Noodles Museum Yokohama,Tokyo,Yokohama,Musée,Musée de cup noodle avec possibilité de faire ses cup custom,https://goo.gl/maps/A4Co1731uKWPLaG2A,Quartier éloigné de tout
Sanneizaka,Kyoto,Higashiyama,Autre,Rue hyper tradi avec épice jap,https://goo.gl/maps/1pFvJ8xNNSf55XQm8,A faire hors heures de pointe
Maccha House,Kyoto,Higashiyama,Restaurant,Restaurant/bar tiramisu macha (+ terrasse),https://goo.gl/maps/tXHVJB1sFpHNjWA88,Excellent pour un truc touristique est instagramme
Wajoryomen Sugari,Kyoto,Nakagyo-Ku,Restaurant,ramen très réputé kyoto style,https://goo.gl/maps/cj9j5hgGS66A4XWs7,
Pontocho Park,Kyoto,Nakagyo-Ku,Parc,Parc dans la rue de pontocho (plein de petit restaurant),https://goo.gl/maps/N4VDzbfnVBSuZxF47,Beaucoup d'arnaque
Ginza Hachigo,Tokyo,Ginza,Restaurant,Réputé pour le Ramen,https://goo.gl/maps/o94muzbrsgkAbmLeA,
Godaime Hanayama Udon,Tokyo,Ginza,Restaurant,L'un des meilleurs Udon de la ville,https://goo.gl/maps/M7FTxBmnFRSwjd3D6,"Plat complet à 8€, 30min - 1h30 d'attente mais vaut largement le cout"
Tempura Tendon Tenya,Tokyo,Ginza,Restaurant,Fast-food spécialisé dans les tempuras,https://goo.gl/maps/XRHa4KPHUWjG5aAM9,
Ginza Misono,Tokyo,Ginza,Restaurant,"Très bon rapport qualité prix pour le boeuf de Kobe, Cuisson sur des plaques présentes sur la table.",,
300 Bar,Tokyo,Ginza,Bar,"Meilleur cocktail de la ville, (l'ambassadeur de cuba en est tombé amoureux) + Musique",https://g.page/ginza300bar-5?share,
Plustokyo,Tokyo,Ginza,Club,Club au sommet d'un centre commercial avec vue sur tout Tokyo (définitivement fermé),,
Hisui Tokyo,Tokyo,Ginza,Activité local,"Ecole d'art traditionnel Japonais avec possibilité de prendre des cours pour les touristes (Waso, Shodo, Sado, Batto)",https://goo.gl/maps/4e7tBZsR2cheV1eU8,
Jo Gai Market,Tokyo,Ginza,Magasin,Marché avec artisant et nourriture (notament Sashimi,https://goo.gl/maps/yKutDTNwbZ8B2yJ88,
Bateau Bus,Tokyo,Ginza,Autre,Parcourt la rivière Sumida jusqu'à Asakusa,,
Petit restaurant proche de la gare,Tokyo,Ueno,Restaurant,"Restaurant ou s'effectuait le marché noir dans les années 50 (Ramen, Gyoza, Yakitori)",,
Izuei Umegawa-Tei,Tokyo,Ueno,Restaurant,"Restaurant spécialisé dans l'anguille, terrasse avec ruisseau.",https://goo.gl/maps/ri3gZ7W2qVj6gZNH6,
Echikatsu,Tokyo,Ueno,Restaurant,"Restaurant traditionnel, Séparé en 17 petites salles ou l'on mange sur des coussins et tables basses avec petit jardin japonais.",,
Honkan,Tokyo,Ueno,Musée,"Musée consacré à la culture Japonaise, oeuvre d'art majeure, kimono, sculpture, armure, poterie, peinture",,
Sanctuaire Toshogu,Tokyo,Ueno,Temple,"Classé trésor national, construit par le 1er Shogun en 1627",,
Musée de Shitamachi,Tokyo,Ueno,Musée,"Musée reconstituant la vie pendant la période Edo, Reconstitution d'interieur de rue et de maison.",,
Marché d'Ameya Yokocho,Tokyo,Yanaka,Magasin,"Un des plus grand marché de tokyo, nombreuse épices rares, nouriture séché et algues en vente",,
Hantei,Tokyo,Yanaka,Restaurant,"Maison en bois sur 2étages spécialité : Kushiages , Tempura",https://g.page/hantei?share,
Visite guidées gratuites,Tokyo,Yanaka,Autre,Bénévoles et habitants du quartier organise des visites guidées gratuites du quartier (plusieurs temples aussi),,
Cimetière de Yanaka Reien,Tokyo,Yanaka,Parc,cimetière ou l'on trouve la tombe du dernier Shogun,https://goo.gl/maps/YW52yXu5qsk8s6Ag7,
Magurobito,Tokyo,Asakusa,Restaurant,Sushi sur tapis roulant mais un peu plus haut de gamme que la moyenne,https://goo.gl/maps/btJPM8JkWwVpePtk8,
Tsurujirou,Tokyo,Asakusa,Restaurant,"Spécialisé dans l'Okonomiyaki, possibilité des les faire soit même ou avec l'aide d'un chef",https://goo.gl/maps/ZLvVjMQ8VGSuJnT78,
Nibiki,Tokyo,Asakusa,Restaurant,Un des restaurant de Fugus les plus réputés,,
Tokyo Sktree Tower,Tokyo,Asakusa,Autre,Tour de télévision de 634m avec point de vue et restaurant au sommet et sol en verre.,https://g.page/TOKYOSKYTREE-official?share,Cher et pas ouf
Chanko Edosawa,Tokyo,Ryogoku,Restaurant,"Cadre traditionnel (tatami, table basse, muisique traditionnel), spécialité : tempura et soba",https://goo.gl/maps/xVdu5ViJyaMKC96H9,
Musée Sumida Hokusai,Tokyo,Ryogoku,Musée,Musée sur les oeuvres d'Hokusai,https://goo.gl/maps/Y3bpBK6N84pD1WiJ7,
Musée Edo-Tokyo,Tokyo,Ryogoku,Musée,Plus grand musée Ethnographique et Historique de la vie pendant la période Edo (fermé temporairement),https://goo.gl/maps/49UiWRHj9Shz5o9k9,En travau en 2023
Sword Museum,Tokyo,Ryogoku,Musée,Musée sur l'évolution du Sabre du 9ème siecle à nos jours.,https://goo.gl/maps/2bNLV52NpmP6yMQq9,
Stade sumo Kokugikan,Tokyo,Ryogoku,Autre,Salle de compétition Sumo mais possibilité de venir assister aux entrainements hors periode de compétition,https://goo.gl/maps/L4iZGonM4sff7iWz7,Musée gratuit du sumo à l'interieur
Mimasuya,Tokyo,Akihabara,Restaurant,"Taverne proposant Sakura nabe et anguilles, beaucoup de choix de saké",,
Shangs café,Tokyo,Akihabara,Magasin,Salon de thé proposant cafés torréfiés selon des méthode traditionnelles Japonaises,https://goo.gl/maps/nsZJ3Zv9Evpj5XMx7,Très bien pour les amateurs de café
Animate,Tokyo,Akihabara,Magasin,Temple du Manga et figurine de tout genre ...,https://goo.gl/maps/21pTgUnU4o5RWny88,
Kanda Myojin,Tokyo,Akihabara,Temple,"A 300 metre du centre d'Akihabara, au calme de la ville plus vieux temple de tokyo (730)",https://goo.gl/maps/VqfqNG8TtvoCMtFRA,
Akihabara,Tokyo,Akihabara,Autre,"Salle d'arcade, magasin manga ect...",https://goo.gl/maps/b5Hr3YVPcJjGsKaVA,Parfait pour les geeks
Chanko Kuroshio,Tokyo,Kagurazaka,Restaurant,Spécialisé dans la cuisine sumo et tenu par un ancien sumo,https://g.page/chanko-kuroshio?share,
Tenko,Tokyo,Kagurazaka,Restaurant,"Un des meilleurs restaurant tempura de la ville, ancienne demeure Geishas",https://goo.gl/maps/fvBLMGSuhuzgJGhu5,
Cimetière d'Aoyama,Tokyo,Roppongi,Parc,100000 tombe dont celle du chien Hachiko,https://goo.gl/maps/vNDET2ptu1JqRyMx8,
Yamada Chikara,Tokyo,Roppongi,Restaurant,"Cuisine moléculaire qui revisite la cuisine traditionnelle japonaise, apprenti du restaurant élu meilleur restaurant du monde (El Bulli)",,
Musée des parasites,Tokyo,Ebisu,Musée,"Musée ressensant près de 45000 parasites, hypocondriaque s'abstenir",,
Uogashi,Tokyo,Shibuya,Restaurant,Très bon sushi,https://goo.gl/maps/mcedx4hQ5bNp3QKD9,
Shirubee,Tokyo,Shibuya,Restaurant,Taverne réputé et au calme de l'agitation du quartier. Spécialité : Nikujaga / Vin japonais,https://goo.gl/maps/ECKbrHUA6TtHgkkU8,
Morimoto,Tokyo,Shibuya,Restaurant,"Basé sur des produits circuit court, Grandre réputation pour anguille et Yakitori",https://goo.gl/maps/EPhr2ekejk4oczMT9,
Sound Museum Vision,Tokyo,Shibuya,Club,Une des plus grande boite de Tokyo (définitivement fermé),https://goo.gl/maps/TeuCWCg3VccfJyke8,
La Pasela,Tokyo,Shibuya,Club,Karaoké,https://goo.gl/maps/3ZmZEPCu2E3pQKjn9,
Benitsuru,Tokyo,Taitou,Restaurant,Restaurant de fluffy pancakes,https://goo.gl/maps/kbUihwZx1yzKY4aU6,
Izakaya Masaka,Tokyo,Shibuya,Restaurant,un des meilleurs restaurant végan,https://goo.gl/maps/xpo4sbrQfr4c7KmZ6,
The church,Tokyo,Shibuya,Bar,bar sur le thème de l'église catholique,https://goo.gl/maps/3AMXLL97gfCwrNDj6,Faut venir bien habillé
Kappabashi-dōri,Tokyo,Taitou,Magasin,Magasin fournisseur de restaurant,https://goo.gl/maps/SdsWuLGYpvabBDWf8,
Gyukatsu Ichi Ni San,Tokyo,Chiyoda,Restaurant,Réputé pour le gyokatsu (tonkatsu au boeuf),https://g.page/gyukatsu123?share,
Tenmaya,Tokyo,Kitazawa,Restaurant,Réputé pour les croquettes (végé option),https://goo.gl/maps/3vBqYH5NfbsXpYij6,
YUKARI-nishiazabu-,Tokyo,Minato-city,Restaurant,Restaurant pour gouter plein de saké (temporairement fermé),https://goo.gl/maps/JTKex6k4SAT4Rfp79,
JANAI COFFEE,Tokyo,Shibuya,Bar,speakeasy bar (utiliser le site pour entrer dans la partie bar),https://g.page/janaicoffee?share,
"Horumon nabe, Morioka goro",Tokyo,Shinjuku,Restaurant,Speakeasy izakaya (utiliser la porte de stockage),https://goo.gl/maps/BUARieiT3Jecx7Ka7,
No Room For Squares,Tokyo,Kitazawa,Bar,Speakeasy bar jazz (utiliser le frigo coca),https://g.page/no-room-for-squares?share,
MOSS,Tokyo,Taishido,Restaurant,Speakeasy Izakaya style amerique du sud (mais copnnu pour les wagyu) (utiliser le distibuteur auto),https://goo.gl/maps/jLShLnCk1gaqULH56,
igu＆peace,Tokyo,Dogenzaka,Bar,Speakeasy bar chic-vintage (résoudre l'escape room),https://g.page/igu-peace-shibuya?share,
Akashiya,Nara,Minamishincho,Magasin,plus grande manufacture de pinceau japonnais (possibilité de faire les dernières étape),https://goo.gl/maps/oGCmmjNfaTPDP3HHA,
Kappou Yoshiba,Tokyo,Sumida,Restaurant,Restaurant dans une ancienne écurie de sumo tenu par un ancien lutteur (le dohyou est conservé),https://goo.gl/maps/GPEoJKrSnsTgNTATA,
Tōdai-ji,Nara,Zoshicho,Temple,Temple du 8ème siècle qui abrite le plus grand bouddha de bronze du japon,https://goo.gl/maps/BzvD4rrTFisAspbN8,
Parc de Nara,Nara,Zoshicho,Parc,Parc de nara avec les biches en total liberté et de multiple temple,https://goo.gl/maps/TGDcQnrvGZz7KB9P6,Juste incr
Palais Heijō,Nara,Nijoojiminami,Autre,Palais impérial du 8ème siècle,https://goo.gl/maps/3MAXqQ9sYg3utt6f7,
Tōshōdai-ji,Nara,Gojocho,Temple,Temple classé trésor national,https://goo.gl/maps/oQFvKWfn3Gk7gaXD9,
Gango-ji,Nara,Chuincho,Temple,un des plus vieux temple du japon classé patrimoine mondiale (près du parc de nara) (payant),https://goo.gl/maps/SJJUrkSuRfjsNciY6,
Tabi-ji,Nara,Taruicho,Magasin,Magasin de tabi (chaussure tradi moderniser),https://goo.gl/maps/XVHEqi7c4s3gTjb56,Chaussure très agréable à porté
Nakatanidou,Nara,Taruicho,Magasin,"Magasin de mochi artisanal (les meilleurs que j'ai jamais mangé de ma vie, ma vie pour ces mochi)",https://goo.gl/maps/cqFi4ynxbDP7NLoV6,
Nara Izumi Yūsai,Nara,Nishiterabayashicho,Bar,Bar de dégustation de saké,https://goo.gl/maps/ERgbK5kDMF1zRngZ6,
Uguisuno-taki falls,Nara,Nara parc,Autre,Cascade au fond du parc de nara (p'tite rando),https://goo.gl/maps/nRuhDhvBdpnrZmZP6,
Pop Life Department M's,Tokyo,Chiyoda,Magasin,Sexshop sur 7 étages,https://goo.gl/maps/m1xYmGEAaVoByhqT9,
Osaka Takoyaki Museum,Osaka,Konohana,Restaurant,Concentration de multiple magasin de takoyaki,https://goo.gl/maps/PrYfDhtsRMAipzgNA,
Dotombori Kukuru,Osaka,Chuo-city,Restaurant,Restaurant légendaire dans la commu des fan de takoyaki (demander le secret Kuro-tako),https://goo.gl/maps/NRm1NPJFiRsTXA597,
Kogaryu Takoyaki,Osaka,Chuo-citu,Restaurant,Restaurant légendaire dans la commu des fan de takoyaki connu pour le takosen,https://goo.gl/maps/W8gw83AErR4fwVQTA,
Hana no Mai Hatago Chaya Ikedaya| Seafood pub,Kyoto,Nakagyo-Ku,Restaurant,Lieux d'une bataille légendaire du shinsengumi reconverti en resteau de poisson (option végé existe),https://g.page/hananomai-ikedaya?share,
Asakusa Kagetsudō,Tokyo,Asakusa,Restaurant,Meilleur restaurant de melon pan d'asakusa,https://goo.gl/maps/cFPGHrKg61b7XpMV8,
Takahashi,Tokyo,Sumida,Magasin,Magasin merch sumo,https://goo.gl/maps/7e35gAAfYzuoCSEM8,
Nishiki Market,Kyoto,Nakagyo,Autre,Marché street food,https://goo.gl/maps/WAHE7Q5jjaEhZBJWA,
Old kimono shop,Nara,Taruicho,Magasin,Fripperie de kimono/yukata,https://maps.app.goo.gl/qRapnujV4d7UeaXL6,"Rapport qualité prix de fou, vendeuse de bon conseille"
Harajuku Chicago Kyoto Store,Kyoto,Nakagyo,Magasin,Chaine fripperie de kimono/yukata et autre,https://maps.app.goo.gl/AQMcW8qCLoGnvZHP6,"Chaine de frippe présent Tokyo et Kyoto, duty free possible"
Harajuku Chicago Shimokitazawa,Tokyo,Harajuku,Magasin,Chaine fripperie de kimono/yukata et autre,https://maps.app.goo.gl/E2ftDimeFQ5nRUH36,"Chaine de frippe présent Tokyo et Kyoto, duty free possible"
Yamadaruma,Kyoto,Shimogyo,Restaurant,Petit yakiniku,https://maps.app.goo.gl/Yrcu5o1ErwpYNqKy7,Un des meilleurs yakiniku de kyoto
MINT IKEBUKURO,Tokyo,Ikebukuro,Magasin,TCG sport,https://maps.app.goo.gl/vGvGtU83mn4HgAu49,
やゝ 京都 (Yaya kimono),Kyoto,Higashiyama,Magasin,Magasin de kimono réputé,https://maps.app.goo.gl/4nAChiUBcKQHNLNo8,Large collection de kimono antique (ère showa +/- 100 ans) et kimono moderne. moins fournis pour les hommes. ~240€ pour kimono homme
Modoribashi Shashinkan,Kyoto,Kamigyo,Magasin,Magasin de kimono et d'antiquité,https://maps.app.goo.gl/29MjhnoZniavBfy66,
Gora Kansuiro,Hakone,Hakone,Hotel,Ryokan près de la gare de Hakone,https://maps.app.goo.gl/T1CYLDZAUV7WKmAr9,"Grand ryokan calme. 2 onsen, 1 en interieur et l'autre dans le grand parc privé. Chambre très spacieuse avec un service parfait. Repas excellent (diner et petit déjeuné compris) et diversifié"
Hakone Ropeway Owakudani Station,Hakone,Ashigarashimo,Autre,Visite des fumeroles du volcan de hakone,https://maps.app.goo.gl/1j3N6tF7LwQhLLGp8,Un peu de monde en journée. Attraction principale d'hakone. Belle vue sur la campagne et sur le mon fuji quand il fait beau).
Gokayama,Nanto,Nanto,Autre,Village traditionnel classé au patrimoine mondial de l'humanité,https://maps.app.goo.gl/viYsUjAmvoJcTosd6,Village perdu au milieu du japon. Son architecture à inpiré plusieur Ghibli
Enoshima island,Fujisawa,Kanagawa,Autre,"île shinto sacrée, de nombreux temple et grottes à visité ainsi que des plages",https://maps.app.goo.gl/7eg3cVhLpg1yXK8a9,
Shiogama Bay,Shinogama,-,Autre,"Baie proche de Sendai, le thon est très réputé. paysage type baie ha long (mais en moins bien)",https://maps.app.goo.gl/iuY36kAvFaboGqKo7,
Koshoji inari,Kyoto,Uji,Temple,Temple très ancien proche d'un point de vue sur Uji et Kyoto,https://maps.app.goo.gl/aknJVDs4uC2k21wx8,
Aji-Tasuke Branch,Sendai,Aoba,Restaurant,recommandation des locaux pour manger de la langue de boeuf,https://maps.app.goo.gl/qgU2bGhFDJdGqQnQ6,
Karakimokkou,Saitama,Kawagoe,Magasin,Magasin de baguette où on peut faire soit même ces baguettes,https://maps.app.goo.gl/4kAJrckwug1hYCSP8,
Sakimoto bakery,Osaka,Naniwa,Magasin,Boulangerie qui propose du pain à la pistache (aussi à Tokyo),https://maps.app.goo.gl/amPZJ8hLJJSpgmQm7,
Sunshine city,Tokyo,Ikebukuro,Magasin,Mall orienté weeb,https://maps.app.goo.gl/8qRXJ7RpyNbsjy6F6,
Iroha buffet,Tokyo,Koto,Restaurant,très bon restaurant de poisson et fruit de mer (cher),https://maps.app.goo.gl/SyBt3qJDgUhuLpHm6,
Kama-daru Falls (7),Kawazu,Kamo,Autre,"Onsen en pleine nature avec une cascade. Mixte, maillot de bain et tatouage autorisé",https://maps.app.goo.gl/kQkPnebCirBweXQs9,
Minoringo,Tokyo,Shibuya,Restaurant,Bon restaurant de curry à harajuku,https://maps.app.goo.gl/ukZK6MLL4iSfDcNc8,
Ponshukan,Yuzawa,Minamiuonuma,Bar,"Situer dans la gare d'Echigo-Yuzawa, plus d'une centaine de saké à déguster",https://maps.app.goo.gl/ExD2JXbGmmDFJPUo8,
Shabu-Shabu Lettuce Shibuya Center Gai Store,Tokyo,Shibuya,Restaurant,shabu shabu à volonté (2h 3600¥ - 9900¥),https://maps.app.goo.gl/MgFf2PZU5xexwwoq6,
Kusatsu Onsen,Kusatsu,Agatsuma,Autre,Station thermale très reputé,https://maps.app.goo.gl/9CXKj4hL4cjC8EMZ8,
Mochizen,Nara,Minamimachi,Restaurant,Restaurant de mochi classique et moderne. Possibilité de réserver une activité pour faire ces mochi avec des méthodes ancienne,https://maps.app.goo.gl/kFGHX8ckyXXgoiNU7,
Todoroki Ravine Park,Tokyo,Setagaya,Autre,1km de ravin dans un parc magnifique,https://maps.app.goo.gl/L7To26TKNKAzgyzY6,
Kifune-jinja,Kyoto,Sakyo,Temple,Temple sur le flanc de la montagne kurama assez excentré de kyoto,https://maps.app.goo.gl/RNRU1tcdTkN3J5rg8,
Yasuke Tsurube Sushi Restaurant,Nara,Yoshino,Restaurant,Plus vieux restaurant de sushi de nara (5k midi et 7k soir),https://maps.app.goo.gl/NkZSJBtXKusqVKAs7,
Tototo,Tokyo,Nakano,Restaurant,Pizza style tokyo,https://maps.app.goo.gl/qVGtB6E5G2c1BL6R8,
Kurama-dera,Kyoto,Sakyo,Temple,Temple accessible en téléphérique,https://maps.app.goo.gl/T1yPmHjJD8xbdvVU9,
Daimonjiyama,Kyoto,Sakyo,Autre,Point de vue sur tout Kyoto pas trop fréquenté,https://maps.app.goo.gl/QQ6uUaDVYN8Riypy9,
Enryaku-ji,Otsu,Shiga,Temple,Temple situer entre Otsu et Kyoto avec un circuit de rando tranquille,https://maps.app.goo.gl/S7JkRFvtr5Z3tiuN8,
Yugeta Soy Sauce,Saitama,Sakano,Magasin,Magasin principale de sauce soja yugeta. Possibilité de gouter une glace à la sauce soja,https://maps.app.goo.gl/KzUcvKeXqo7iLURS8,
Sanjusangendomawari,Kyoto,Higashiyama,Temple,Temple avec une centaine de statue de boudda avec des visages différents,https://maps.app.goo.gl/8w81MCmHaTgh4saGA,
TACOS 3HERMANOS HARAJUKU,Tokyo,Shibuya,Restaurant,Restaurant de tacos mexicain à harajuku,https://maps.app.goo.gl/fzfpb5o9pD9ic6pHA,
Sushi Atsuya,Osaka,Abeno,Restaurant,restaurant de sushi qui utilise un riz naturelement moins sucré (réservation obligatoire ~11k),https://maps.app.goo.gl/tW3fnthNyUrcDMy28,
大徳壽TOKYO 六本木けやき坂,Tokyo,Roppongi,Restaurant,Yakiniku de luxe,https://maps.app.goo.gl/4GdmodKqetv4MSNa9,
Meguro Gajōen,Tokyo,Meguro,Hotel,Hotel musée qui propose des expositions magnifique périodiquement à prix abordable(?),https://maps.app.goo.gl/JTFtdfDz8iWpnMr48,
Sushi Shiina,Tokyo,Chiyoda,Restaurant,Plutôt abordable et le chef parle anglais,https://maps.app.goo.gl/S6Nm5A1QqykN1zwy8,
Ebimaru ramen,Tokyo,Chiyoda,Restaurant,Ramen au humard (et des plus classique),https://maps.app.goo.gl/QLJXfdu9cVjTsXoo6,
Madume Ochanomizu,Tokyo,Chiyoda,Restaurant,Izakaya spécialisé dna le poisson,https://maps.app.goo.gl/53LoRgRCYsVMuRb56,
Washoku Daikoku Kawagoeten,Saitama,Kawagoe,Restaurant,restaurant spécialisé dans les anguilles en pêche raisonée,https://maps.app.goo.gl/8nQ89YVQMxeVwtog6,
Inamura,Tokyo,Katsushika,Restaurant,Comptoir à tempura,https://maps.app.goo.gl/bM6kYJoeEeLM5JFJ7,
Kanadaya,Tokyo,Ginza,Restaurant,Magasin de mochi aux fruits de luxe (~1000),https://maps.app.goo.gl/g16cYQTKaChQ7kFh6,
Tsuru Ton Tan Shibuya,Tokyo,Shibuya,Restaurant,Chaine de udon haut de gamme,https://maps.app.goo.gl/yALAgdAX9sP17Ewd8,
Hachinoki Kita-Kamakura Shinkan,Kamakura,Kanagawa,Restaurant,Restaurant haut de gamme de cuisine traditionnel,https://maps.app.goo.gl/91N3wt2AJLaDusor6,
Café Lounge Pandora,Tokyo,Meguro,Restaurant,Café lounge près du musé hotel Gajoen,https://maps.app.goo.gl/Y5cegoAd5EPMsuc97,
Yamato tei,Tokyo,Katsushika,Salon de thé,Maison de macha dans une vieille maison traditionnelle avec un jardin japonnais qui à une partie musée,https://maps.app.goo.gl/VjDXd8ysEd2c9nAf6,
Yakiniku aging beef,Tokyo,Shinjuku,Restaurant,yakiniku (un peu cher) de viande wagyu maturé,https://maps.app.goo.gl/fSDvnjH9LR4TNfjp9,
Kan ei dō,Tokyo,Meijiro,Confiserie,Confiserie traditionnel et salon de thé,https://maps.app.goo.gl/5qRBHn1ZsHoRjwY58,
Hakata Genki Ippai!!,Fukuoka,Hakata,Restaurant,"Ramen ""caché"" (chercher le sceau bleu) dans le guide michelin. Spécialisé dans le tonkutsu (bouillon crémeux et au porc)",https://maps.app.goo.gl/C8iFwvamvtnrRdNCA,
Shirakawa-gō,Shirakawa-gō,Shirakawa-gō,Autre,Village réputé pour sont thé avec possibilité de récolté et de traité soit même le thé,https://maps.app.goo.gl/3qWjYWbzBAxAu6RCA,
Musée d'architecture en plein air d'Edo-Tokyo,Tokyo,Koganei,Musée,Musée en plein air reproduisant un japon de l'ère edo,https://maps.app.goo.gl/DpxoE5oBWWEwz98t9,
Panel Cafe Kyoto,Kyoto,Higashiyama,Restaurant,Café connu pour son fluffy pancake à la crème brulé de match (longue attente ~1h),https://maps.app.goo.gl/ropWaTcQfSMGyewX7,
Eikan-dō Zenrin-ji,Kyoto,Sakyo,Temple,Temple peu visité avec une vue sur kyoto et un petit lac,https://maps.app.goo.gl/iPvmH9agcuR8M117A,
Shiretoko National Park,Hokkaido,Hokkaido,Parc,Parc nationnal avec une faune et flore rare,https://maps.app.goo.gl/RiWmS5yia3k3KKk96,
Kamikōchi,Matsumoto,Matsumoto,Parc,Parc nationnal des Alpes japonnaise,https://maps.app.goo.gl/RcweU55sDfuz1NVx7,
Kōenji,Tokyo,Suginami,Autre,Quartier populaire retro. Connu des amateurs de frippes,https://maps.app.goo.gl/JKLLQ8KE4aMB7KfWA,
Nikujiru Gyoza Dandadan Higashiueno,Tokyo,Taitou,Restaurant,izakaya spécialisé dans gyoza,https://maps.app.goo.gl/478xGGwCpmXkga4Y7,
Nakagawa River Cruise,Fukuoka,Chuo,Activité local,Croisière sur la rivière Nakagawa (à faire plutot de nuit),https://maps.app.goo.gl/3DZms9Bxm1jTezPTA,
Dazaifu Tenman-gū,Fukuoka,Dazaifu,Temple,Temple dédier au dieu de l'apprentissage,https://maps.app.goo.gl/PrLxCXc71koUfeen9,
Motonosumi Inari Shrine,Yamaguchi,Yuyatsuo,Temple,Temple au bord de mer,https://maps.app.goo.gl/LF5f5apbPFtxrcMf9,
Tochoji,Fukuoka,Hakata,Temple,Temple au milieu de fukuoka avec un grand buddha en bois,https://maps.app.goo.gl/z4ZSFsgXcUBV3ZL87,
KENZO cafe,Fukuoka,Hakata,Restaurant,Petit restaurant de ramen 3 étoiles Kitanamichelin,https://maps.app.goo.gl/cFnH97V6fuhC8K5w7,
Nakasu Yatai Yokocho,Fukuoka,Hakata,Autre,Rue commercante spécialisé dans les stands de street food,https://maps.app.goo.gl/kRtuQxHqym7eb8T1A,
Château de Fukuoka,Fukuoka,Chuo,Autre,Chateau en ruine avec un grand jardin,https://maps.app.goo.gl/JekZU9V4n1WfQyV88,
Motsunabe Yamanaka Honten,Fukuoka,Minami,Restaurant,Restaurant semi-gastronomique spécialisé dans le motsu nabe,https://maps.app.goo.gl/1F4JAtErLhCuo6B4A,
Koishikawa Kōraku-en,Tokyo,Bunkyo,Autre,Jardin datant du XVIIème,https://maps.app.goo.gl/77yjS9GbEuChJ1v88,
BOOKOFF SUPER BAZAAR SEIYU Omori Store,Tokyo,Shinagawa,Magasin,Librairie (et pas que) avec des occasions,https://maps.app.goo.gl/TZcNrMNQJa9RM4kH6,
いづ美,Tokyo,Nakagawa,Restaurant,Petit restaurant de quartier avec un menu qui change régulièrement,https://maps.app.goo.gl/QTt6SYS9cGoXjLbx5,
Atsuta-jingū,Nagoya,Atsuta,Temple,Temple recueillant une épée sacré,https://maps.app.goo.gl/qepc85pGNRe9GhuZ7,
Terraced Rice Fields of Hamanoura,Genkai,Higashimatsuura,Autre,Champs de riz en terrance,https://maps.app.goo.gl/CJ4suK4UkJx6GRoF9,
Inabeshi Agriculture Park,Inabe,Mie,Autre,Grand jardin botanique en campagne,https://maps.app.goo.gl/KDpYu2FeiypysL41A,
Mont Tanzawa,Kurokura,Ashigarakami,Autre,"Montagne comprenant des sentiers de randonnée et des refuges de montagne, cet imposant sommet offre une vue panoramique sur la campagne.",https://maps.app.goo.gl/R6Nmo1bbs41yqK3UA,
Temple bouddhiste Otagi Nenbutsuji,Kyoto,Ukyo,Temple,Temple bouddhiste fondé au VIIIe siècle comprenant plus de 1 200 têtes en pierre dans ses jardins.,https://maps.app.goo.gl/d98H28vJ68xu51B58,
TCG / BOARD GAME Cafe & Bar FUN 八重垣ビル地下1階店,Tokyo,Taitou,Autre,Bar de jeu de société et de cartes qui font des cocktails custom en fonction des cartes montré,https://maps.app.goo.gl/yQoNWQaQn7nSWbvp8,
Mount Tenpō,Osaka,Minato-city,Autre,"Plus petite montagne du japon. Demandez le certificat après avoir ""gravit"" la montagne dans les commerces environnant",https://maps.app.goo.gl/wSzFXD5XKu5a6kKE6,
鰻の成瀬 嵐山店,Tokyo,Ukyo,Restaurant,Restaurant spécialisé dans l'anguille,https://maps.app.goo.gl/Ny29pJqP5rYmR2ES6,
Nishijin Textile Center,Kyoto,Kamigyo,Magasin,Magain de textile de qualité avec possibilité de réserver des activiter pour fabriquer du tissu/écharpe,https://maps.app.goo.gl/Zd5Cf6DTvaWWtgW47,
Bunbuku,Kobe,Chuo,Restaurant,Restaurant spécialisé dans le Chazuke,https://maps.app.goo.gl/34MLBQYtR4fPxSb79,
MIRAI SAKE / KUBOTA SAKE BAR,Tokyo,Shibuya,Bar,Bar à saké avec dégustation de plusieurs types de saké et profillage par IA,https://maps.app.goo.gl/wQcFejQGczh5rdfs5,
Fandom Akiba,Tokyo,Akihabara,Magasin,Magasin de goodies d'animé et de Vtubeur (pas de jugement),https://maps.app.goo.gl/7vLnyvmLyyv5qxNy9,
Udon Shin,Tokyo,Shibuya,Restaurant,Très bon restaurant de udon,https://maps.app.goo.gl/MBEVYnFG3vkrm5EH7,
Via Meidaimae,Tokyo,Setagaya,Autre,Petit easter egg pour les weebs,https://maps.app.goo.gl/Y8n4hVEwdx4hYU5f6,
Onigiri Gorichan,Osaka,Kita,Restaurant,Restaurant d'onigiri XXL (référentiel konbini),https://maps.app.goo.gl/MPWy1kt7F6SVxwY58,
Sankei-en,Yokohama,Naka-ku,Batiment,Des bâtiments historiques de tout le pays jalonnent ce jardin japonais traditionnel ouvert au public en 1906,https://maps.app.goo.gl/5vbrdfCLKjfizbaN9,
Fukujuen Uji (Uji Tea Factory),Kyoto,Uji,Activité local,"Usine de thé où l'ont peu boire et mangé ainsi que réserver des activité comme la création de matcha, hojicha, ...",https://maps.app.goo.gl/v3Je6nV1Ae8URs1FA,
Himawari Sushi,Tokyo,Shinjuku,Restaurant,Restaurant de sushi avec un bon rapport qualité prix,https://maps.app.goo.gl/MZ5cFwDPB13KQPBm6,
Unnamed Ramen Restaurant,Kyoto,Nakagyo,Restaurant,Restaurant de ramen sans nom (sans panneau d'indication). connu pour le ramen au boeuf,https://maps.app.goo.gl/CVrJKfR3Uo5nSCNt7,
Amabikisan Rakuhōji (Amabiki Kannon),Sakuragawa,Ibaraki,Temple,Temple des canards (plein de canard) et des paons,https://maps.app.goo.gl/3CuSNuRANHQTt7ku7,pour les connoisseurs
Tokaikan,Ito,Higashimatsubaracho,Batiment,Ancien ryokan réabilité en musé,https://maps.app.goo.gl/rpv7EHFuKibq8uSf8,
watashino,Tokyo,Taitou,Activité local,Atelier pour faire du papier Tosa washi,https://maps.app.goo.gl/gVfFvuXyZbqunxKy9,
Karamenya masumoto 元祖辛麺屋桝元 下北沢店,Tokyo,Kitazawa,Restaurant,Connu pour son ramen épicé,https://maps.app.goo.gl/PtP4wsNTQdqkeFNY9,
Orinami Asakusa,Tokyo,Asakusa,Activité local,"Visite d'une fabrique de Omamori + fabrication (3,300 yen)",https://maps.app.goo.gl/BJnwUeHpWAwByCWS9,voir le compte insta @orinami_asakusa
Shinsaibashi PARCO,Osaka,Chuo,Magasin,"centre commercial orienté geek/weeb (pokécenter, lego, capcom, ghibli, ...)",https://maps.app.goo.gl/BRhzRUkB9CnLQucf8,
Akihabara Gachapon Hall,Tokyo,Akihabara,Magasin,Magasin spécialisé dans les gachapons,https://maps.app.goo.gl/pm54S8v3Whj7QMJu8,
Mister Donut,Tokyo,Akihabara,Restaurant,Chaine de restaurant de donut,https://maps.app.goo.gl/7tJhMYDGkJeBiYvB8,pour faire le pélerinage du pon de ring (fermé récemment)
Moyan Curry Ribingu,Tokyo,Shinjuku,Restaurant,buffet de cury qui à une carte Yu-Gi-oh à son nom,https://maps.app.goo.gl/drTVddmUWkcvHS1TA,
Brisk Stand Asakusa,Tokyo,Taitou,Restaurant,un des meilleurs burger du japon (source : tkt)(aussi à kobe) burger coupé en deux et re griller pour plus de texture,https://maps.app.goo.gl/8UwgvMeoxiduFjeJ8,
Kome Dorobou,Osaka,Naniwa,Restaurant,Osaka chicken nanba (poulet frit avec sauce tartare),https://maps.app.goo.gl/YSMgiPpsnpeBikTe6,
Menchirashi,Tokyo,Shibuya,Restaurant,Tokyo udon carbonara,https://maps.app.goo.gl/V5Z3p81LKiq3xiJ26,
Tonkatsu Marushichi | Monzen-nakacho,Tokyo,Koto,Restaurant,Spécialisé dans le tonkatsu (porc pané) épais,https://maps.app.goo.gl/Auh2Uu5Az39m1c8B6,
Tatsumi-shindo,Tokyo,Koto,Autre,Petite rue comme goldenkai (plein de petit resteaurant et de bar),https://maps.app.goo.gl/bg4aB2MqXCdE6DnX8,
Age.3,Tokyo,Chuo,Restaurant,Spécialisé dans les sandwich dessert,https://maps.app.goo.gl/gtUAh4of8g8B7ykt8,
Tsuzuki,Nagoya,Nakamura,Salon de thé,Café ambience fleurie avec des café du monde,https://maps.app.goo.gl/3dHHJhgMhXkTtkJj9,
Engaku-ji,Kamakura,-,Temple,complexe bouddhiste avec un goshuin sur du bois,https://maps.app.goo.gl/jB8mpS7cByP2MBMK7,
Osaka Prefectural Sayamaike Museum,Osaka,Osakasayama,Musée,Musée sur l'histoire de l'architecture de l'irrigation au Japon designer par Tadao Ando qui à reçus un prix Pritzker en architecture ,https://maps.app.goo.gl/AAwoSQEzEQw68byd8,
Sayama Pond,Osaka,Osakasayama,Parc,Plus vieux réservoir d'eau du japon (7ème siècle),https://maps.app.goo.gl/HZ1yZur2cKRhwDcx8,
"Susuruka, Susuranka",Nara,Minamijodocho,Restaurant,Ramen fusionné au mapotofu (plat typique du Sechuan en chine) avec portion fromage grillé,https://maps.app.goo.gl/sW77NytRVNaeqbrP7,
Choushiya,Tokyo,Ginza,Restaurant,Spécialisé dans les koroke (depuis 1927) et les sandwich de koroke,https://maps.app.goo.gl/JZdE5rDDVbtNojYq5,
ICON,Tokyo,Shibuya,Restaurant,"Burger experimentaux (mac'n cheese, ananas, ...)",https://maps.app.goo.gl/uL1WHEERRdd83tRP6,
Yayoiken,Tokyo,Shinjuku,Restaurant,Chaine de fast food de plat japonais,https://maps.app.goo.gl/Geb3K8PxqB2dHvZ36,
Tokura,Kyoto,Minami,Restaurant,Hanbagu hyper juteux (aussi à nakagyo),https://maps.app.goo.gl/sNip3bdKtsmu4wVN6,
Naganoya,Kobe,Chuo,Restaurant,Kobe soba curry,https://maps.app.goo.gl/B8X5ENy5JVRqAcKu7,
Shin Shin,Fukuoka,Chuo,Restaurant,Très connu pour leur ramen type Hakata (plusieurs restaurant dans fukuoka),https://maps.app.goo.gl/r4H2hng6S7ij9jiS8,
Katsuō-ji,Osaka,Aomatani,Temple,"Temple de daruma, avec plusieurs tampon a collectionner pour formé une image",https://maps.app.goo.gl/1QVHBaUZ2s9cy39w6,
Taikenkobowaraku,Kyoto,Higashiyama,Activité local,"Activité d'artisanat d'épingle à cheveux, baguette, boucle d'oreille, encens,...  possibilité de juste acheter les produits fini",https://maps.app.goo.gl/pofvsLRRt5kMJVEr8,
Chikuyotei Ginza,Tokyo,Ginza,Restaurant,restaurant spécialisé dans l'anguille et la daurade. le personnel est désagréable et raciste (surtout envers les asiatiques non japonais),https://maps.app.goo.gl/7NCVZ5PQMW4pCkPD6,
Ebisu banh mi bakery,Tokyo,Shibuya,Restaurant,meilleur banh min de tokyo,https://maps.app.goo.gl/AuUzCPSrus2TTS3L7,
Tsukumo Ramen Ebisu Honten,Tokyo,Shibuya,Restaurant,Connu pour des ramen avec une montagne de fromage,https://maps.app.goo.gl/bkd9oiZPBnPyfnmx5,
Mijinco Coffee,Tokyo,Bunkyo,Salon de thé,Café avec une meilleure version des fluffy pancakes,https://maps.app.goo.gl/zwksfvbShQd4wPqY9,
Tosakko Ramen,Tokyo,Toshima-city,Restaurant,Spécialité Ramen au gras,https://maps.app.goo.gl/fKZpksdt4CexiTWG6,
Menmen,Tokyo,Nerima,Restaurant,Spécialité ramen au karaage (karaagemen),https://maps.app.goo.gl/LW2BnErw6Lo75zu56,
fullcomp,Tokyo,Akihabara,Magasin,Chaîne de magasins de TCG ,https://maps.app.goo.gl/qWjHeRs5MNCHELuL8,
Tonkatsu Daiki,Osaka,Chuo,Restaurant,Spécialité tonkatsu épais,https://maps.app.goo.gl/8PddvG6VaMsNfhWL9,
Ippudo,Osaka,Naniwa,Restaurant,Chaine de restaurant de ramen pour les introverti (comme ichiran mais en mieux et moins remplis),https://maps.app.goo.gl/EReiJNNFeNokwmnp9,
Usagi,Tokyo,Shibuya,Restaurant,Connu pour son tantanmen,https://maps.app.goo.gl/rcY2SShq2nGx999A8,
Ramen Kousagi,Tokyo,Toshima-city,Restaurant,Filliale de Usagi mais moins fréquenté,https://maps.app.goo.gl/v1sD1AQwVBL6dLxy8,
Marucho,Tokyo,Shinjuku,Restaurant,Soba tsukemen,https://maps.app.goo.gl/qUiN5citiDCENFsMA,
Soupless Tantanmen Piriri Akihabara Store,Tokyo,Akihabara,Restaurant,Mapo tofu tantanmen,https://maps.app.goo.gl/5UyDhDCMZcJC3FAU6,
Akashiyaki Tsukasa,Tokyo,Chuo,Restaurant,Akashiyaki (sorte de takoyaki sans sauce à tremper dans du dashi),https://maps.app.goo.gl/m373cnY2S67d3JCx6,
cafe dalcomhada,Tokyo,Shinjuku,Restaurant,Patisserie en forme d'animaux (dont le fameux gateau au citron canard),https://maps.app.goo.gl/APQQdEqKgb6d3xiNA,
Shiodome,Tokyo,Minato-city,Autre,Bibidiba,https://maps.app.goo.gl/prPQskYT5itVxxd39,
PAPABUBBLE パパブブレ,Osaka,Chuo,Magasin,Magasin de bonbon fait main frais,https://maps.app.goo.gl/gAhSAgegF7LugNkj7,
Tsukemen Gonokami Seisakusho Shinjuku,Tokyo,Shinjuku,Restaurant,Tsukemen aux bouillon crevette,https://maps.app.goo.gl/RBcG1yU9YzCJgpoc8,meilleur tsukemen de ma vie
Nashimura coffee,Kobe,Chuo,Salon de thé,Salon de thé à l'européenne,https://maps.app.goo.gl/nTgZyEBWvVk1GxXs9,très bonnes patisserie et ambiance calme
Kobe beef steak Tramatsu no nikutarashi,Kobe,Chuo,Restaurant,Petit restaurant de boeuf de kobe certifié,https://maps.app.goo.gl/Z776C5wi3MJUEdWK9,Viande excellente e un peu moins cher qu'ailleurs
K-books Namba-ichibankan,Osaka,Naniwa,Magasin,Magasin de manga et de merch de weebs au coeur de Denden ,https://maps.app.goo.gl/jfu4SR4FhXYgsC7X6,très bon endroit pour trouvé du vieux merch de vtuber et du merch d'occasion
Nipponbashi Denden Town,Osaka,Naniwa,Autre,"Quartier de l'électronique, et geek d'Osaka. Equivalent à Akihabara de Tokyo",https://maps.app.goo.gl/QAvXCs95BCud9coGA,
Château d'Osaka,Osaka,Chuo,Musée,"Célèbre château datant de 1597, reconstruit depuis, avec des jardins et un musée aux expositions variées.",https://maps.app.goo.gl/g7xAz1jfbtTasSGF7,
Nakanoshima Park,Osaka,Kita,Parc,"Premier parc public d'Osaka fondé en 1891, comprenant une bibliothèque, une roseraie et un musée de la Céramique.",https://maps.app.goo.gl/iVVqKtbbgLuZdTNx8,
Cascade de Minoo,Osaka,Minoh,Parc,"Cascade de 33 mètres entourée d'arbres à feuillage caduc, avec sentier de randonnée facile et nombreux bancs.",https://maps.app.goo.gl/U5qXci8BPyjCo3eaA,
Hoshida Park,Osaka,Katano,Parc,Parc de 100 hectar avec un pont suspendu à 50 mètre de haut long de 280m,https://maps.app.goo.gl/gTxRWDHFFYLhV39dA,
Musée national d'art,Osaka,Kita,Musée,"Musée d'Art souterrain avec boutique de souvenirs, présentant des œuvres d'artistes renommés sur différents supports.",https://maps.app.goo.gl/R9srG472oj1di2hu8,
Katsura Hanare かつら はなれ,Osaka,Kita,Restaurant,Restaurant de Kaiseki (dinner traditionnel),https://maps.app.goo.gl/PgePFLMb143ASEuZA,
Shitennoji,Osaka,Tennoji,Temple,"Temple bouddhiste restauré construit en 593, avec une pagode à 5 niveaux, des statues et des bassins peuplés de tortues.",https://maps.app.goo.gl/Pcm3nzJ6PGab3kV47,
Parks Garden,Osaka,Ninawa,Parc,Par architecturalement interressant,https://maps.app.goo.gl/KxsY2XX2C2LN5qfT9,
Aquarium Kaiyukan,Osaka,Minato-city,Musée,"Aquarium parmi les plus grands au monde, qui abrite notamment des espèces aquatiques arctiques et tropicales.",https://maps.app.goo.gl/82HZzKGvDHdRQQwG8,
Sennichimae Doguyasuji Shopping Street for cookware,Osaka,Chuo,Magasin,"Rue commerçante dédiée à la vente de produits ménagers, d'ustensiles de cuisine, de poterie et d'outils.",https://maps.app.goo.gl/82QezmvxaeMg1nt38,Très bon endroit pour acheter des couteau de cuisine
Jungle Fantastic Machinery Museum Mecha Store,Osaka,Ninawa,Magasin,Magasin spécialisé dans le merch de mecha,https://maps.app.goo.gl/HW7xxBBAMoB8fbBw6,
Kasuga-taisha,Nara,-,Temple,Temple des 1000 lanternes,https://maps.app.goo.gl/UdQff7EyC6uHvGLz7,
Shin Yakushi-ji,Nara,-,Temple,Temple bouddhiste du VIIIe siècle abritant des statues des Douze Généraux célestes.,https://maps.app.goo.gl/dnPxgg4MyYAGXJMo7,
Mugen Ramen,Osaka,Naniwa,Restaurant,Ramen génereux en viande,https://maps.app.goo.gl/HoNuW19xYBEbvoKi7,
Dontaku Doyama,Osaka,Kita,Restaurant,Restaurant d'okonomyaki qui sert des versions hiroshima et classique,https://maps.app.goo.gl/stDroT3eXTzTK5a59,
Katsudon Yoshibei Sannomiya Honten,Kobe,Chuo,Restaurant,Un des meilleurs Katsudon de Kobe,https://maps.app.goo.gl/cx9UUyhWfWctxJ1z7,
Uobei Abikoten,Osaka,Sumiyoshi,Restaurant,Chaine de restaurant de sushi sur tapis roulant avec des options de sushi à la viande,https://maps.app.goo.gl/dh2bqxErnmF2YpmTA,
OSAKA TONKATSU DOTONBORI restaurant,Osaka,Chuo,Restaurant,"Chaine de restaurant fondé par un ancien rikishi, spécialisé dans des morceau énorme de katsu",https://maps.app.goo.gl/uWg2QSWb2GHVgPvj7,
Yakiniku KITAN Minamisenba main store,Osaka,Chuo,Restaurant,Yakiniku connu pour son menu du midi varié et généreux en wagyu,https://maps.app.goo.gl/XkEJ9eqN2NKUSPNP7,
Kawafuku honten,Osaka,Chuo,Restaurant,Restauran de udon et tempura maison,https://maps.app.goo.gl/UaUC17WmL7fBBNdLA,
Osaka pork cutlet,Osaka,Chuo,Restaurant,Katsudon avec des tranche de katsu XXL,https://maps.app.goo.gl/csi6wAF8TGaLyG2s5,
grenier Umeda Store,Osaka,Kita,Restaurant,Patisserie spécialisé dans les feuilleté,https://maps.app.goo.gl/FhKhUnvMg1AzvfTo8,
Masahiko Ozumi Paris,Osaka,Chuo,Restaurant,Patisserie au de game spécialisé dans le trompe l'oeuil ,https://maps.app.goo.gl/9p5kG9rTRW4P5drS8,
Hozenji Yokocho,Osaka,Chuo,Autre,Ruelle remplis de petit restaurant,https://maps.app.goo.gl/Ns2ZoDKyYjf1CDs99,
Toyo,Osaka,Miyakojima,Restaurant,Izakaya spécialisé dans les sashimi et le poisson griller au chalumeau,https://maps.app.goo.gl/8UjuXiJ9FzWsqqUf7,
Mizutaki Iroha Soemoncho,Osaka,Chuo,Restaurant,Restaurant spécialisé dans les sukiyaki (~7000 yen),https://maps.app.goo.gl/ZcdLx919wE9vsrDv8,
Sanukiudon Byakuan,Osaka,Yodogawa,Restaurant,Restaurant de Udon réputé,https://maps.app.goo.gl/sJi1e7NYbf99kCzD9,
Ramen Jinsei JET 600,Osaka,Higashinari,Restaurant,Restaurant de ramen shoyu et miso,https://maps.app.goo.gl/g1KyCpDeQMqvNa6y7,
Toripaitan Ramen Kinmugi Amemura Branch,Osaka,Nishi,Restaurant,Restaurant de ramen au bouillon blanc,https://maps.app.goo.gl/5Gww9eqo6SrK135PA,
Ramen Tantan,Osaka,Yodogawa,Restaurant,Restaurant de ramen ouvert uniquement le soir avec un seul plat au menu. Ramen au bouillon a l'os de porc. Parfait pour les moments non verbale,https://maps.app.goo.gl/BWo9yF3N7idsyYdt8,
Gashoken,Kobe,Chuo,Restaurant,"Restaurant de ramen avec 3 couleurs différentes (rouge, noir et vert)",https://maps.app.goo.gl/pUy8eHhA7dedjwhY8,
Chicken Ramen Niwatori Osaka Nishinakajima,Osaka,Yodogawa,Restaurant,Meilleurs ramen au poulet d'Osaka. Le shoyumen est très profond et a un très bon goût de poulet. Le garamen est très crémeux sans être trop lourd,https://maps.app.goo.gl/ri6oidomYMcPr63j6,
,-,-,-,,,
,-,-,-,,,
,-,-,-,,,
,-,-,-,,,
,-,-,-,,,
,-,-,-,,,
,-,-,-,,,
,-,-,-,,,
,-,-,-,,,
,-,-,-,,,
,-,-,-,,,
,-,-,-,,,
,-,-,-,,,
,-,-,-,,,
,-,-,-,,,
,-,-,-,,,
,-,-,-,,,
,-,-,-,,,
,-,-,-,,,
,-,-,-,,,
,-,-,-,,,
,-,-,-,,,
,-,-,-,,,
,-,-,-,,,
,-,-,-,,,
,-,-,-,,,
,-,-,-,,,
,-,-,-,,,
,-,-,-,,,
,-,-,-,,,
,-,-,-,,,
,-,-,-,,,
,-,-,-,,,
,-,-,-,,,
,-,-,-,,,
,-,-,-,,,
,-,-,-,,,
,-,-,-,,,
,-,-,-,,,
,-,-,-,,,
,-,-,-,,,
,-,-,-,,,
,-,-,-,,,
,-,-,-,,,
,-,-,-,,,
,-,-,-,,,
,-,-,-,,,
,-,-,-,,,
,-,-,-,,,
,-,-,-,,,
,-,-,-,,,
,-,-,-,,,
,-,-,-,,,
,-,-,-,,,
,-,-,-,,,
,-,-,-,,,
,-,-,-,,,
,-,-,-,,,
,-,-,-,,,
,-,-,-,,,
,-,-,-,,,
,-,-,-,,,
,-,-,-,,,
,-,-,-,,,
,-,-,-,,,
,-,-,-,,,